Data;Moderada
17/10/2025;0,00106
16/10/2025;-0,00044
15/10/2025;0,00241
14/10/2025;0,00015
13/10/2025;0,00143
10/10/2025;-0,00174
09/10/2025;-0,00003
08/10/2025;0,00180
07/10/2025;-0,00330
06/10/2025;-0,00021
03/10/2025;0,00066
02/10/2025;-0,00214
01/10/2025;-0,00009
30/09/2025;0,00019
29/09/2025;0,00096
26/09/2025;0,00070
25/09/2025;-0,00158
24/09/2025;0,00008
23/09/2025;0,00317
22/09/2025;-0,00140
19/09/2025;0,00020
18/09/2025;-0,00056
17/09/2025;0,00262
16/09/2025;0,00206
15/09/2025;0,00256
12/09/2025;-0,00055
11/09/2025;0,00192
10/09/2025;0,00211
09/09/2025;0,00010
08/09/2025;-0,00006
05/09/2025;0,00352
04/09/2025;0,00148
03/09/2025;-0,00043
02/09/2025;-0,00126
01/09/2025;-0,00111
29/08/2025;0,00014
28/08/2025;0,00369
27/08/2025;0,00217
26/08/2025;0,00029
25/08/2025;0,00090
22/08/2025;0,00648
21/08/2025;-0,00094
20/08/2025;0,00032
19/08/2025;-0,00578
18/08/2025;0,00043
15/08/2025;0,00021
14/08/2025;-0,00013
13/08/2025;-0,00076
12/08/2025;0,00362
11/08/2025;0,00014
08/08/2025;-0,00007
07/08/2025;0,00421
06/08/2025;0,00263
05/08/2025;0,00037
04/08/2025;0,00143
01/08/2025;0,00091
31/07/2025;-0,00122
30/07/2025;0,00171
29/07/2025;0,00192
28/07/2025;-0,00151
25/07/2025;-0,00044
24/07/2025;-0,00144
23/07/2025;0,00240
22/07/2025;0,00024
21/07/2025;0,00130
18/07/2025;-0,00273
17/07/2025;0,00093
16/07/2025;-0,00028
15/07/2025;-0,00076
14/07/2025;-0,00089
11/07/2025;0,00017
10/07/2025;-0,00108
09/07/2025;-0,00253
08/07/2025;-0,00077
07/07/2025;-0,00282
04/07/2025;0,00050
03/07/2025;0,00264
02/07/2025;-0,00074
01/07/2025;0,00115
30/06/2025;0,00487
27/06/2025;0,00039
26/06/2025;0,00310
25/06/2025;-0,00163
24/06/2025;0,00133
23/06/2025;-0,00050
20/06/2025;-0,00067
18/06/2025;0,00044
17/06/2025;-0,00030
16/06/2025;0,00312
13/06/2025;-0,00017
12/06/2025;0,00143
11/06/2025;0,00157
10/06/2025;0,00044
09/06/2025;-0,00033
06/06/2025;0,00019
05/06/2025;-0,00091
04/06/2025;0,00028
03/06/2025;0,00129
02/06/2025;-0,00021
30/05/2025;-0,00233
29/05/2025;0,00003
28/05/2025;-0,00124
27/05/2025;0,00290
26/05/2025;0,00090
23/05/2025;0,00153
22/05/2025;0,00025
21/05/2025;-0,00307
20/05/2025;0,00036
19/05/2025;0,00204
16/05/2025;0,00088
15/05/2025;0,00183
14/05/2025;-0,00109
13/05/2025;0,00389
12/05/2025;-0,00016
09/05/2025;0,00139
08/05/2025;0,00517
07/05/2025;0,00058
06/05/2025;0,00194
05/05/2025;-0,00231
02/05/2025;0,00017
30/04/2025;0,00104
29/04/2025;0,00064
28/04/2025;0,00134
25/04/2025;0,00094
24/04/2025;0,00534
23/04/2025;0,00325
22/04/2025;0,00033
17/04/2025;0,00230
16/04/2025;-0,00047
15/04/2025;-0,00041
14/04/2025;0,00371
11/04/2025;0,00404
10/04/2025;-0,00204
09/04/2025;0,00424
08/04/2025;-0,00204
07/04/2025;-0,00204
04/04/2025;-0,00364
03/04/2025;0,00344
02/04/2025;0,00029
01/04/2025;0,00200
31/03/2025;-0,00107
28/03/2025;-0,00096
27/03/2025;0,00113
26/03/2025;0,00058
25/03/2025;0,00143
24/03/2025;-0,00164
21/03/2025;0,00082
20/03/2025;-0,00170
19/03/2025;0,00250
18/03/2025;0,00183
17/03/2025;0,00269
14/03/2025;0,00378
13/03/2025;0,00313
12/03/2025;0,00059
11/03/2025;0,00013
10/03/2025;-0,00040
07/03/2025;0,00287
06/03/2025;0,00050
05/03/2025;0,00186
28/02/2025;-0,00255
27/02/2025;-0,00068
26/02/2025;-0,00218
25/02/2025;0,00180
24/02/2025;-0,00375
21/02/2025;0,00024
20/02/2025;0,00081
19/02/2025;-0,00170
18/02/2025;0,00008
17/02/2025;0,00180
14/02/2025;0,00655
13/02/2025;0,00123
12/02/2025;-0,00258
11/02/2025;0,00181
10/02/2025;0,00160
07/02/2025;-0,00182
06/02/2025;0,00175
05/02/2025;-0,00011
04/02/2025;-0,00135
03/02/2025;0,00113
31/01/2025;-0,00089
30/01/2025;0,00796
29/01/2025;-0,00066
28/01/2025;-0,00038
27/01/2025;0,00307
24/01/2025;0,00054
23/01/2025;-0,00078
22/01/2025;0,00029
21/01/2025;-0,00001
20/01/2025;-0,00029
17/01/2025;0,00093
16/01/2025;-0,00202
15/01/2025;0,00560
14/01/2025;0,00113
13/01/2025;-0,00044
10/01/2025;-0,00156
09/01/2025;0,00043
08/01/2025;-0,00123
07/01/2025;0,00139
06/01/2025;0,00305
03/01/2025;-0,00114
02/01/2025;0,00113
31/12/2024;0,00050
30/12/2024;-0,00101
27/12/2024;-0,00201
26/12/2024;0,00036
24/12/2024;0,00054
23/12/2024;-0,00174
20/12/2024;0,00310
19/12/2024;0,00355
18/12/2024;-0,00708
17/12/2024;0,00013
16/12/2024;-0,00391
13/12/2024;-0,00403
12/12/2024;-0,00613
11/12/2024;0,00481
10/12/2024;0,00329
09/12/2024;0,00068
06/12/2024;-0,00297
05/12/2024;0,00181
04/12/2024;0,00061
03/12/2024;0,00008
02/12/2024;0,00075
29/11/2024;0,00224
28/11/2024;-0,00469
27/11/2024;-0,00466
26/11/2024;0,00144
25/11/2024;0,00048
22/11/2024;0,00226
21/11/2024;0,00003
19/11/2024;0,00184
18/11/2024;-0,00009
14/11/2024;0,00086
13/11/2024;0,00030
12/11/2024;-0,00222
11/11/2024;0,00025
08/11/2024;-0,00112
07/11/2024;0,00058
06/11/2024;0,00071
05/11/2024;0,00065
04/11/2024;0,00506
01/11/2024;-0,00264
31/10/2024;-0,00106
30/10/2024;0,00032
29/10/2024;-0,00080
28/10/2024;0,00136
25/10/2024;-0,00080
24/10/2024;0,00309
23/10/2024;-0,00144
22/10/2024;-0,00035
21/10/2024;-0,00016
18/10/2024;-0,00106
17/10/2024;-0,00078
16/10/2024;0,00085
15/10/2024;-0,00031
14/10/2024;0,00138
11/10/2024;0,00017
10/10/2024;0,00127
09/10/2024;-0,00283
08/10/2024;0,00030
07/10/2024;0,00101
04/10/2024;-0,00035
03/10/2024;-0,00216
02/10/2024;0,00152
01/10/2024;0,00137
30/09/2024;-0,00174
27/09/2024;0,00009
26/09/2024;0,00185
25/09/2024;-0,00048
24/09/2024;0,00327
23/09/2024;-0,00012
20/09/2024;-0,00358
19/09/2024;-0,00195
18/09/2024;-0,00104
17/09/2024;0,00007
16/09/2024;0,00006
13/09/2024;0,00234
12/09/2024;-0,00143
11/09/2024;0,00076
10/09/2024;-0,00040
09/09/2024;0,00026
06/09/2024;-0,00166
05/09/2024;0,00155
04/09/2024;0,00341
03/09/2024;-0,00086
02/09/2024;-0,00134
30/08/2024;-0,00065
29/08/2024;-0,00181
28/08/2024;-0,00020
27/08/2024;-0,00028
26/08/2024;0,00090
23/08/2024;0,00228
22/08/2024;-0,00209
21/08/2024;0,00081
20/08/2024;-0,00036
19/08/2024;0,00160
16/08/2024;-0,00077
15/08/2024;0,00063
14/08/2024;0,00151
13/08/2024;0,00280
12/08/2024;0,00129
09/08/2024;0,00408
08/08/2024;0,00284
07/08/2024;0,00225
06/08/2024;0,00006
05/08/2024;-0,00075
02/08/2024;0,00081
01/08/2024;0,00124
31/07/2024;0,00316
30/07/2024;-0,00034
29/07/2024;-0,00047
26/07/2024;0,00322
25/07/2024;-0,00070
24/07/2024;0,00000
23/07/2024;-0,00236
22/07/2024;0,00111
19/07/2024;-0,00032
18/07/2024;-0,00329
17/07/2024;0,00028
16/07/2024;0,00054
15/07/2024;0,00027
12/07/2024;0,00130
11/07/2024;0,00304
10/07/2024;0,00212
09/07/2024;0,00110
08/07/2024;0,00051
05/07/2024;0,00136
04/07/2024;0,00249
03/07/2024;0,00287
02/07/2024;0,00070
01/07/2024;0,00004
28/06/2024;-0,00188
27/06/2024;0,00250
26/06/2024;0,00034
25/06/2024;-0,00050
24/06/2024;0,00213
21/06/2024;0,00249
20/06/2024;0,00085
19/06/2024;0,00117
18/06/2024;0,00120
17/06/2024;-0,00048
14/06/2024;0,00089
13/06/2024;0,00049
12/06/2024;-0,00350
11/06/2024;0,00119
10/06/2024;0,00031
07/06/2024;-0,00457
06/06/2024;0,00270
05/06/2024;-0,00032
04/06/2024;-0,00051
03/06/2024;-0,00003
31/05/2024;0,00023
29/05/2024;-0,00184
28/05/2024;-0,00052
27/05/2024;0,00043
24/05/2024;-0,00044
23/05/2024;-0,00083
22/05/2024;-0,00278
21/05/2024;-0,00012
20/05/2024;-0,00048
17/05/2024;-0,00018
16/05/2024;0,00144
15/05/2024;0,00042
14/05/2024;0,00104
13/05/2024;0,00071
10/05/2024;-0,00084
09/05/2024;-0,00045
08/05/2024;0,00053
07/05/2024;0,00183
06/05/2024;-0,00047
03/05/2024;0,00315
02/05/2024;0,00238
30/04/2024;-0,00389
29/04/2024;0,00128
26/04/2024;0,00346
25/04/2024;-0,00028
24/04/2024;-0,00090
23/04/2024;-0,00044
22/04/2024;0,00096
19/04/2024;0,00183
18/04/2024;0,00085
17/04/2024;-0,00082
16/04/2024;-0,00257
15/04/2024;-0,00155
12/04/2024;-0,00118
11/04/2024;-0,00087
10/04/2024;-0,00381
09/04/2024;0,00189
08/04/2024;0,00270
05/04/2024;-0,00106
04/04/2024;0,00019
03/04/2024;-0,00002
02/04/2024;0,00062
01/04/2024;-0,00167
28/03/2024;0,00070
27/03/2024;0,00208
26/03/2024;0,00003
25/03/2024;0,00020
22/03/2024;-0,00118
21/03/2024;-0,00145
20/03/2024;0,00321
19/03/2024;0,00125
18/03/2024;-0,00023
15/03/2024;-0,00171
14/03/2024;-0,00098
13/03/2024;0,00093
12/03/2024;0,00238
11/03/2024;-0,00086
08/03/2024;-0,00139
07/03/2024;-0,00011
06/03/2024;0,00188
05/03/2024;0,00013
04/03/2024;-0,00112
01/03/2024;0,00055
29/02/2024;-0,00061
28/02/2024;-0,00145
27/02/2024;0,00328
26/02/2024;-0,00028
23/02/2024;-0,00118
22/02/2024;0,00042
21/02/2024;0,00051
20/02/2024;0,00166
19/02/2024;0,00071
16/02/2024;0,00105
15/02/2024;0,00161
14/02/2024;-0,00146
09/02/2024;0,00052
08/02/2024;-0,00223
07/02/2024;-0,00002
06/02/2024;0,00431
05/02/2024;0,00031
02/02/2024;-0,00184
01/02/2024;0,00160
31/01/2024;0,00153
30/01/2024;-0,00176
29/01/2024;-0,00055
26/01/2024;0,00136
25/01/2024;0,00143
24/01/2024;-0,00033
23/01/2024;0,00279
22/01/2024;-0,00129
19/01/2024;0,00092
18/01/2024;-0,00120
17/01/2024;-0,00157
16/01/2024;-0,00433
15/01/2024;0,00081
12/01/2024;0,00171
11/01/2024;0,00082
10/01/2024;-0,00050
09/01/2024;-0,00175
08/01/2024;0,00042
05/01/2024;0,00117
04/01/2024;-0,00267
03/01/2024;0,00036
02/01/2024;-0,00205
29/12/2023;0,00065
28/12/2023;0,00035
27/12/2023;0,00162
26/12/2023;0,00132
22/12/2023;0,00142
21/12/2023;0,00244
20/12/2023;-0,00065
19/12/2023;0,00166
18/12/2023;0,00196
15/12/2023;0,00012
14/12/2023;0,00290
13/12/2023;0,00726
12/12/2023;0,00065
11/12/2023;-0,00001
08/12/2023;0,00138
07/12/2023;0,00069
06/12/2023;-0,00119
05/12/2023;0,00109
04/12/2023;-0,00269
01/12/2023;0,00255
30/11/2023;0,00212
29/11/2023;-0,00030
28/11/2023;0,00210
27/11/2023;0,00110
24/11/2023;-0,00089
23/11/2023;0,00108
22/11/2023;0,00137
21/11/2023;-0,00109
20/11/2023;0,00150
17/11/2023;0,00112
16/11/2023;0,00345
14/11/2023;0,00661
13/11/2023;-0,00067
10/11/2023;0,00281
09/11/2023;-0,00053
08/11/2023;0,00070
07/11/2023;0,00275
06/11/2023;-0,00066
03/11/2023;0,00615
01/11/2023;0,00426
31/10/2023;0,00091
30/10/2023;-0,00245
27/10/2023;-0,00304
26/10/2023;0,00576
25/10/2023;-0,00133
24/10/2023;0,00249
23/10/2023;-0,00029
20/10/2023;0,00019
19/10/2023;-0,00187
18/10/2023;-0,00251
17/10/2023;-0,00202
16/10/2023;0,00204
13/10/2023;-0,00260
11/10/2023;0,00007
10/10/2023;0,00318
09/10/2023;0,00331
06/10/2023;0,00220
05/10/2023;-0,00051
04/10/2023;0,00131
03/10/2023;-0,00422
02/10/2023;-0,00362
29/09/2023;0,00297
28/09/2023;0,00368
27/09/2023;-0,00082
26/09/2023;-0,00550
25/09/2023;-0,00092
22/09/2023;-0,00001
21/09/2023;-0,00354
20/09/2023;0,00178
19/09/2023;-0,00086
18/09/2023;-0,00081
15/09/2023;-0,00141
14/09/2023;0,00229
13/09/2023;0,00096
12/09/2023;0,00254
11/09/2023;0,00275
08/09/2023;-0,00015
06/09/2023;-0,00172
05/09/2023;-0,00123
04/09/2023;-0,00027
01/09/2023;0,00328
31/08/2023;-0,00438
30/08/2023;-0,00149
29/08/2023;0,00266
28/08/2023;0,00210
25/08/2023;-0,00209
24/08/2023;-0,00158
23/08/2023;0,00419
22/08/2023;0,00264
21/08/2023;-0,00252
18/08/2023;0,00068
17/08/2023;-0,00161
16/08/2023;-0,00064
15/08/2023;-0,00056
14/08/2023;-0,00254
11/08/2023;0,00010
10/08/2023;0,00056
09/08/2023;-0,00059
08/08/2023;0,00131
07/08/2023;-0,00031
04/08/2023;-0,00040
03/08/2023;0,00036
02/08/2023;0,00011
01/08/2023;-0,00083
31/07/2023;0,00379
28/07/2023;0,00122
27/07/2023;-0,00354
26/07/2023;0,00153
25/07/2023;0,00125
24/07/2023;0,00229
21/07/2023;0,00448
20/07/2023;0,00069
19/07/2023;-0,00017
18/07/2023;0,00093
17/07/2023;0,00155
14/07/2023;-0,00295
13/07/2023;0,00244
12/07/2023;0,00087
11/07/2023;0,00009
10/07/2023;-0,00207
07/07/2023;0,00387
06/07/2023;-0,00381
05/07/2023;0,00040
04/07/2023;-0,00163
03/07/2023;0,00304
30/06/2023;0,00214
29/06/2023;0,00339
28/06/2023;-0,00145
27/06/2023;-0,00136
26/06/2023;-0,00064
23/06/2023;0,00115
22/06/2023;-0,00183
21/06/2023;0,00217
20/06/2023;0,00017
19/06/2023;0,00177
16/06/2023;0,00015
15/06/2023;0,00106
14/06/2023;0,00485
13/06/2023;-0,00209
12/06/2023;0,00037
09/06/2023;0,00336
07/06/2023;-0,00006
06/06/2023;0,00365
05/06/2023;0,00184
02/06/2023;0,00404
01/06/2023;0,00399
31/05/2023;-0,00086
30/05/2023;-0,00131
29/05/2023;-0,00044
26/05/2023;0,00181
25/05/2023;0,00308
24/05/2023;-0,00078
23/05/2023;0,00032
22/05/2023;-0,00099
19/05/2023;0,00133
18/05/2023;0,00082
17/05/2023;0,00208
16/05/2023;-0,00184
15/05/2023;0,00209
12/05/2023;0,00173
11/05/2023;0,00250
10/05/2023;0,00175
09/05/2023;0,00164
08/05/2023;0,00102
05/05/2023;0,00534
04/05/2023;0,00213
03/05/2023;0,00091
02/05/2023;-0,00362
28/04/2023;0,00191
27/04/2023;0,00147
26/04/2023;-0,00049
25/04/2023;-0,00002
24/04/2023;0,00034
20/04/2023;0,00212
19/04/2023;-0,00432
18/04/2023;-0,00003
17/04/2023;-0,00006
14/04/2023;0,00005
13/04/2023;0,00110
12/04/2023;0,00187
11/04/2023;0,00828
10/04/2023;0,00131
06/04/2023;-0,00032
05/04/2023;-0,00083
04/04/2023;0,00173
03/04/2023;0,00061
31/03/2023;-0,00290
30/03/2023;0,00422
29/03/2023;0,00081
28/03/2023;0,00229
27/03/2023;0,00210
24/03/2023;0,00292
23/03/2023;-0,00322
22/03/2023;0,00027
21/03/2023;0,00019
20/03/2023;-0,00134
17/03/2023;-0,00110
16/03/2023;0,00185
15/03/2023;0,00038
14/03/2023;-0,00087
13/03/2023;-0,00020
10/03/2023;-0,00251
09/03/2023;-0,00043
08/03/2023;0,00455
07/03/2023;0,00046
06/03/2023;0,00204
03/03/2023;0,00115
02/03/2023;-0,00212
01/03/2023;-0,00063
28/02/2023;-0,00156
27/02/2023;0,00077
24/02/2023;-0,00269
23/02/2023;0,00051
22/02/2023;-0,00363
17/02/2023;-0,00014
16/02/2023;0,00129
15/02/2023;0,00490
14/02/2023;-0,00048
13/02/2023;0,00115
10/02/2023;0,00113
09/02/2023;-0,00354
08/02/2023;0,00449
07/02/2023;-0,00057
06/02/2023;0,00160
03/02/2023;-0,00392
02/02/2023;-0,00240
01/02/2023;-0,00118
31/01/2023;0,00218
30/01/2023;0,00010
27/01/2023;-0,00296
26/01/2023;-0,00044
25/01/2023;0,00239
24/01/2023;0,00321
23/01/2023;-0,00100
20/01/2023;-0,00258
19/01/2023;0,00161
18/01/2023;0,00111
17/01/2023;0,00407
16/01/2023;-0,00327
13/01/2023;-0,00092
12/01/2023;0,00047
11/01/2023;0,00494
10/01/2023;0,00449
09/01/2023;0,00090
06/01/2023;0,00327
05/01/2023;0,00431
04/01/2023;0,00120
03/01/2023;-0,00447
02/01/2023;-0,00648
30/12/2022;0,00048
29/12/2022;-0,00022
28/12/2022;0,00458
27/12/2022;0,00028
26/12/2022;-0,00106
23/12/2022;0,00496
22/12/2022;0,00126
21/12/2022;0,00106
20/12/2022;0,00496
19/12/2022;0,00294
16/12/2022;-0,00208
15/12/2022;0,00067
14/12/2022;0,00067
13/12/2022;-0,00311
12/12/2022;-0,00454
09/12/2022;-0,00020
08/12/2022;-0,00280
07/12/2022;-0,00080
06/12/2022;0,00000
05/12/2022;-0,00512
02/12/2022;0,00254
01/12/2022;-0,00278
30/11/2022;0,00466
29/11/2022;0,00651
28/11/2022;0,00088
25/11/2022;-0,00527
24/11/2022;0,00646
23/11/2022;-0,00142
22/11/2022;-0,00235
21/11/2022;0,00208
18/11/2022;-0,00212
17/11/2022;-0,00064
16/11/2022;-0,00572
14/11/2022;0,00384
11/11/2022;0,00344
10/11/2022;-0,01006
09/11/2022;-0,00353
08/11/2022;0,00114
07/11/2022;-0,00547
04/11/2022;0,00177
03/11/2022;0,00012
01/11/2022;0,00149
31/10/2022;0,00499
28/10/2022;0,00068
27/10/2022;0,00393
26/10/2022;-0,00327
25/10/2022;-0,00210
24/10/2022;-0,00599
21/10/2022;0,00473
20/10/2022;0,00179
19/10/2022;0,00139
18/10/2022;0,00360
17/10/2022;0,00294
14/10/2022;-0,00274
13/10/2022;-0,00057
11/10/2022;-0,00185
10/10/2022;-0,00033
07/10/2022;-0,00145
06/10/2022;0,00077
05/10/2022;0,00196
04/10/2022;0,00005
03/10/2022;0,00994
30/09/2022;0,00545
29/09/2022;-0,00053
28/09/2022;-0,00047
27/09/2022;-0,00040
26/09/2022;-0,00492
23/09/2022;-0,00366
22/09/2022;0,00534
21/09/2022;0,00048
20/09/2022;0,00183
19/09/2022;0,00487
16/09/2022;-0,00002
15/09/2022;-0,00138
14/09/2022;0,00022
13/09/2022;-0,00375
12/09/2022;0,00118
09/09/2022;0,00407
08/09/2022;0,00124
06/09/2022;-0,00472
05/09/2022;0,00213
02/09/2022;0,00145
01/09/2022;0,00372
31/08/2022;-0,00072
30/08/2022;-0,00230
29/08/2022;-0,00065
26/08/2022;-0,00087
25/08/2022;-0,00031
24/08/2022;0,00042
23/08/2022;0,00499
22/08/2022;-0,00138
19/08/2022;-0,00368
18/08/2022;0,00059
17/08/2022;0,00038
16/08/2022;-0,00082
15/08/2022;0,00237
12/08/2022;0,00669
11/08/2022;-0,00156
10/08/2022;0,00250
09/08/2022;-0,00053
08/08/2022;0,00455
05/08/2022;0,00209
04/08/2022;0,00720
03/08/2022;0,00191
02/08/2022;0,00147
01/08/2022;-0,00108
29/07/2022;0,00223
28/07/2022;0,00316
27/07/2022;0,00366
26/07/2022;-0,00125
25/07/2022;0,00224
22/07/2022;0,00041
21/07/2022;0,00120
20/07/2022;0,00170
19/07/2022;0,00161
18/07/2022;-0,00128
15/07/2022;0,00200
14/07/2022;-0,00195
13/07/2022;0,00016
12/07/2022;0,00055
11/07/2022;-0,00421
08/07/2022;-0,00198
07/07/2022;0,00379
06/07/2022;0,00044
05/07/2022;-0,00116
04/07/2022;-0,00094
01/07/2022;0,00005
30/06/2022;-0,00081
29/06/2022;-0,00155
28/06/2022;-0,00129
27/06/2022;0,00340
24/06/2022;0,00066
23/06/2022;-0,00167
22/06/2022;-0,00039
21/06/2022;-0,00092
20/06/2022;-0,00053
17/06/2022;-0,00426
15/06/2022;0,00358
14/06/2022;-0,00124
13/06/2022;-0,00470
10/06/2022;-0,00189
09/06/2022;-0,00120
08/06/2022;-0,00172
07/06/2022;-0,00076
06/06/2022;-0,00098
03/06/2022;-0,00100
02/06/2022;0,00194
01/06/2022;0,00017
31/05/2022;0,00212
30/05/2022;-0,00232
27/05/2022;0,00018
26/05/2022;0,00318
25/05/2022;0,00072
24/05/2022;-0,00110
23/05/2022;0,00310
20/05/2022;0,00260
19/05/2022;0,00144
18/05/2022;-0,00393
17/05/2022;0,00110
16/05/2022;0,00363
13/05/2022;0,00379
12/05/2022;0,00292
11/05/2022;0,00269
10/05/2022;-0,00051
09/05/2022;-0,00319
06/05/2022;-0,00058
05/05/2022;-0,00536
04/05/2022;0,00522
03/05/2022;0,00037
02/05/2022;-0,00207
29/04/2022;-0,00268
28/04/2022;0,00216
27/04/2022;0,00262
26/04/2022;-0,00411
25/04/2022;-0,00010
22/04/2022;-0,00492
20/04/2022;-0,00030
19/04/2022;-0,00051
18/04/2022;0,00058
14/04/2022;-0,00020
13/04/2022;0,00187
12/04/2022;-0,00066
11/04/2022;-0,00370
08/04/2022;-0,00047
07/04/2022;0,00168
06/04/2022;-0,00082
05/04/2022;-0,00376
04/04/2022;0,00054
01/04/2022;0,00517
31/03/2022;-0,00029
30/03/2022;-0,00051
29/03/2022;0,00149
28/03/2022;-0,00061
25/03/2022;0,00257
24/03/2022;0,00619
23/03/2022;0,00163
22/03/2022;0,00347
21/03/2022;0,00245
18/03/2022;0,00524
17/03/2022;0,00461
16/03/2022;0,00387
15/03/2022;-0,00047
14/03/2022;-0,00298
11/03/2022;-0,00273
10/03/2022;0,00058
09/03/2022;0,00583
08/03/2022;0,00005
07/03/2022;-0,00456
04/03/2022;-0,00173
03/03/2022;0,00020
02/03/2022;0,00275
25/02/2022;0,00292
24/02/2022;-0,00048
23/02/2022;-0,00029
22/02/2022;0,00164
21/02/2022;-0,00141
18/02/2022;-0,00111
17/02/2022;-0,00312
16/02/2022;0,00088
15/02/2022;0,00255
14/02/2022;0,00149
11/02/2022;0,00006
10/02/2022;0,00166
09/02/2022;-0,00012
08/02/2022;-0,00035
07/02/2022;0,00011
04/02/2022;0,00076
03/02/2022;0,00102
02/02/2022;-0,00061
01/02/2022;0,00259
31/01/2022;0,00117
28/01/2022;-0,00030
27/01/2022;0,00191
26/01/2022;0,00193
25/01/2022;0,00362
24/01/2022;-0,00117
21/01/2022;-0,00103
20/01/2022;0,00327
19/01/2022;0,00368
18/01/2022;0,00055
17/01/2022;-0,00175
14/01/2022;0,00292
13/01/2022;-0,00025
12/01/2022;0,00450
11/01/2022;0,00258
10/01/2022;-0,00137
07/01/2022;0,00102
06/01/2022;0,00029
05/01/2022;-0,00535
04/01/2022;-0,00121
03/01/2022;-0,00129
31/12/2021;0,00025
30/12/2021;0,00215
29/12/2021;-0,00216
28/12/2021;-0,00086
27/12/2021;0,00145
24/12/2021;0,00024
23/12/2021;-0,00052
22/12/2021;0,00011
21/12/2021;0,00208
20/12/2021;-0,00339
17/12/2021;-0,00230
16/12/2021;-0,00029
15/12/2021;0,00116
14/12/2021;-0,00129
13/12/2021;-0,00170
10/12/2021;0,00392
09/12/2021;-0,00291
08/12/2021;0,00224
07/12/2021;0,00206
06/12/2021;0,00304
03/12/2021;0,00279
02/12/2021;0,00734
01/12/2021;-0,00286
30/11/2021;-0,00143
29/11/2021;0,00216
26/11/2021;-0,00652
25/11/2021;0,00225
24/11/2021;0,00217
23/11/2021;0,00342
22/11/2021;-0,00220
19/11/2021;0,00203
18/11/2021;-0,00047
17/11/2021;-0,00260
16/11/2021;-0,00358
12/11/2021;-0,00048
11/11/2021;0,00375
10/11/2021;0,00137
09/11/2021;0,00238
08/11/2021;0,00039
05/11/2021;0,00219
04/11/2021;-0,00464
03/11/2021;0,00597
01/11/2021;0,00304
29/10/2021;0,00003
28/10/2021;-0,00394
27/10/2021;0,00028
26/10/2021;-0,00462
25/10/2021;0,00236
22/10/2021;-0,00304
21/10/2021;-0,00597
20/10/2021;-0,00053
19/10/2021;-0,00708
18/10/2021;-0,00055
15/10/2021;0,00180
14/10/2021;-0,00037
13/10/2021;0,00184
11/10/2021;-0,00143
08/10/2021;0,00441
07/10/2021;0,00020
06/10/2021;0,00082
05/10/2021;-0,00004
04/10/2021;-0,00434
01/10/2021;0,00428
30/09/2021;-0,00086
29/09/2021;0,00178
28/09/2021;-0,00557
27/09/2021;0,00062
24/09/2021;-0,00073
23/09/2021;0,00248
22/09/2021;0,00327
21/09/2021;0,00316
20/09/2021;-0,00430
17/09/2021;-0,00386
16/09/2021;-0,00207
15/09/2021;-0,00072
14/09/2021;0,00036
13/09/2021;0,00386
10/09/2021;-0,00113
09/09/2021;0,00512
08/09/2021;-0,00777
06/09/2021;0,00162
03/09/2021;0,00028
02/09/2021;-0,00470
01/09/2021;0,00144
31/08/2021;-0,00234
30/08/2021;-0,00159
27/08/2021;0,00424
26/08/2021;-0,00319
25/08/2021;0,00344
24/08/2021;0,00632
23/08/2021;-0,00179
20/08/2021;0,00313
19/08/2021;0,00202
18/08/2021;-0,00391
17/08/2021;-0,00156
16/08/2021;-0,00420
13/08/2021;-0,00132
12/08/2021;-0,00298
11/08/2021;-0,00062
10/08/2021;-0,00057
09/08/2021;-0,00083
06/08/2021;0,00212
05/08/2021;-0,00160
04/08/2021;-0,00256
03/08/2021;0,00240
02/08/2021;0,00116
30/07/2021;-0,00766
29/07/2021;0,00003
28/07/2021;0,00245
27/07/2021;-0,00340
26/07/2021;0,00037
23/07/2021;-0,00237
22/07/2021;0,00081
21/07/2021;0,00126
20/07/2021;0,00259
19/07/2021;-0,00306
16/07/2021;-0,00118
15/07/2021;-0,00095
14/07/2021;0,00150
13/07/2021;0,00089
12/07/2021;0,00255
09/07/2021;0,00047
08/07/2021;-0,00290
07/07/2021;0,00344
06/07/2021;-0,00363
05/07/2021;-0,00099
02/07/2021;0,00377
01/07/2021;-0,00149
30/06/2021;-0,00085
29/06/2021;-0,00005
28/06/2021;0,00128
25/06/2021;-0,00299
24/06/2021;0,00267
23/06/2021;0,00039
22/06/2021;-0,00124
21/06/2021;0,00272
18/06/2021;-0,00079
17/06/2021;-0,00373
16/06/2021;-0,00096
15/06/2021;-0,00043
14/06/2021;0,00192
11/06/2021;-0,00160
10/06/2021;-0,00034
09/06/2021;0,00019
08/06/2021;-0,00089
07/06/2021;0,00027
04/06/2021;0,00195
02/06/2021;0,00327
01/06/2021;0,00381
31/05/2021;0,00074
28/05/2021;0,00280
27/05/2021;0,00201
26/05/2021;0,00200
25/05/2021;-0,00168
24/05/2021;0,00187
21/05/2021;0,00017
20/05/2021;0,00154
19/05/2021;-0,00066
18/05/2021;-0,00188
17/05/2021;0,00302
14/05/2021;0,00231
13/05/2021;0,00175
12/05/2021;-0,00597
11/05/2021;0,00272
10/05/2021;-0,00031
07/05/2021;0,00473
06/05/2021;0,00096
05/05/2021;0,00301
04/05/2021;-0,00397
03/05/2021;0,00018
30/04/2021;-0,00298
29/04/2021;-0,00093
28/04/2021;0,00305
27/04/2021;-0,00171
26/04/2021;0,00074
23/04/2021;0,00265
22/04/2021;0,00076
20/04/2021;-0,00285
19/04/2021;0,00017
16/04/2021;0,00205
15/04/2021;0,00142
14/04/2021;0,00189
13/04/2021;-0,00050
12/04/2021;0,00180
09/04/2021;-0,00204
08/04/2021;0,00318
07/04/2021;0,00001
06/04/2021;-0,00036
05/04/2021;0,00325
01/04/2021;-0,00166
31/03/2021;0,00077
30/03/2021;0,00287
29/03/2021;0,00054
26/03/2021;0,00264
25/03/2021;0,00360
24/03/2021;-0,00297
23/03/2021;-0,00384
22/03/2021;-0,00289
19/03/2021;0,00010
18/03/2021;-0,00399
17/03/2021;0,00420
16/03/2021;-0,00088
15/03/2021;0,00128
12/03/2021;-0,00184
11/03/2021;0,00484
10/03/2021;0,00232
09/03/2021;0,00040
08/03/2021;-0,00903
05/03/2021;0,00672
04/03/2021;0,00454
03/03/2021;-0,00041
02/03/2021;0,00090
01/03/2021;-0,00007
26/02/2021;-0,00440
25/02/2021;-0,00660
24/02/2021;0,00009
23/02/2021;0,00337
22/02/2021;-0,01063
19/02/2021;-0,00125
18/02/2021;-0,00145
17/02/2021;0,00089
12/02/2021;0,00026
11/02/2021;0,00156
10/02/2021;-0,00104
09/02/2021;-0,00120
08/02/2021;-0,00050
05/02/2021;0,00215
04/02/2021;-0,00105
03/02/2021;0,00309
02/02/2021;0,00374
01/02/2021;0,00416
29/01/2021;-0,00476
28/01/2021;0,00596
27/01/2021;-0,00114
26/01/2021;-0,00069
25/01/2021;-0,00002
22/01/2021;-0,00257
21/01/2021;-0,00273
20/01/2021;-0,00123
19/01/2021;-0,00123
18/01/2021;0,00108
15/01/2021;-0,00514
14/01/2021;0,00368
13/01/2021;-0,00357
12/01/2021;0,00317
11/01/2021;-0,00457
08/01/2021;0,00433
07/01/2021;0,00337
06/01/2021;-0,00173
05/01/2021;0,00051
04/01/2021;-0,00021
31/12/2020;0,00026
30/12/2020;0,00034
29/12/2020;0,00216
28/12/2020;0,00202
24/12/2020;0,00029
23/12/2020;0,00304
22/12/2020;0,00099
21/12/2020;-0,00332
18/12/2020;-0,00012
17/12/2020;0,00136
16/12/2020;0,00258
15/12/2020;0,00366
14/12/2020;-0,00072
11/12/2020;0,00136
10/12/2020;0,00462
09/12/2020;-0,00132
08/12/2020;0,00116
07/12/2020;-0,00067
04/12/2020;0,00262
03/12/2020;0,00330
02/12/2020;0,00176
01/12/2020;0,00621
30/11/2020;-0,00254
27/11/2020;0,00227
26/11/2020;0,00122
25/11/2020;0,00159
24/11/2020;0,00482
23/11/2020;0,00197
20/11/2020;-0,00181
19/11/2020;0,00115
18/11/2020;-0,00255
17/11/2020;0,00159
16/11/2020;0,00297
13/11/2020;0,00489
12/11/2020;-0,00484
11/11/2020;-0,00128
10/11/2020;0,00114
09/11/2020;0,00498
06/11/2020;0,00212
05/11/2020;0,00715
04/11/2020;0,00470
03/11/2020;0,00395
30/10/2020;-0,00540
29/10/2020;0,00268
28/10/2020;-0,00788
27/10/2020;-0,00274
26/10/2020;-0,00079
23/10/2020;-0,00163
22/10/2020;0,00143
21/10/2020;0,00042
20/10/2020;0,00427
19/10/2020;0,00138
16/10/2020;-0,00089
15/10/2020;-0,00137
14/10/2020;0,00181
13/10/2020;0,00197
09/10/2020;0,00082
08/10/2020;0,00544
07/10/2020;0,00015
06/10/2020;-0,00158
05/10/2020;0,00535
02/10/2020;-0,00516
01/10/2020;0,00217
30/09/2020;0,00353
29/09/2020;-0,00169
28/09/2020;-0,00782
25/09/2020;-0,00031
24/09/2020;0,00480
23/09/2020;-0,00462
22/09/2020;0,00274
21/09/2020;-0,00330
18/09/2020;-0,00693
17/09/2020;0,00050
16/09/2020;-0,00194
15/09/2020;-0,00064
14/09/2020;0,00414
11/09/2020;-0,00087
10/09/2020;-0,00572
09/09/2020;0,00323
08/09/2020;-0,00322
04/09/2020;0,00129
03/09/2020;-0,00186
02/09/2020;-0,00030
01/09/2020;0,00575
31/08/2020;-0,00590
28/08/2020;0,00390
27/08/2020;0,00004
26/08/2020;-0,00417
25/08/2020;-0,00033
24/08/2020;0,00177
21/08/2020;0,00022
20/08/2020;0,00186
19/08/2020;-0,00344
18/08/2020;0,00745
17/08/2020;-0,00290
14/08/2020;0,00179
13/08/2020;-0,00373
12/08/2020;-0,00103
11/08/2020;-0,00285
10/08/2020;-0,00023
07/08/2020;-0,00390
06/08/2020;0,00372
05/08/2020;0,00214
04/08/2020;-0,00347
03/08/2020;0,00058
31/07/2020;-0,00313
30/07/2020;0,00130
29/07/2020;0,00287
28/07/2020;-0,00086
27/07/2020;0,00495
24/07/2020;0,00082
23/07/2020;-0,00383
22/07/2020;0,00063
21/07/2020;0,00005
20/07/2020;0,00283
17/07/2020;0,00634
16/07/2020;-0,00194
15/07/2020;0,00254
14/07/2020;0,00273
13/07/2020;-0,00292
10/07/2020;0,00316
09/07/2020;0,00026
08/07/2020;0,00398
07/07/2020;-0,00285
06/07/2020;0,00495
03/07/2020;0,00259
02/07/2020;0,00026
01/07/2020;0,00451
30/06/2020;-0,00013
29/06/2020;0,00510
26/06/2020;-0,00486
25/06/2020;0,00524
24/06/2020;-0,00401
23/06/2020;0,00241
22/06/2020;-0,00349
19/06/2020;0,00092
18/06/2020;-0,00011
17/06/2020;0,00536
16/06/2020;0,00135
15/06/2020;-0,00098
12/06/2020;-0,00385
10/06/2020;-0,00289
09/06/2020;-0,00188
08/06/2020;0,00621
05/06/2020;0,00220
04/06/2020;0,00153
03/06/2020;0,00564
02/06/2020;0,00656
01/06/2020;0,00228
29/05/2020;0,00135
28/05/2020;-0,00207
27/05/2020;0,00528
26/05/2020;-0,00114
25/05/2020;0,01083
22/05/2020;-0,00213
21/05/2020;0,00430
20/05/2020;0,00242
19/05/2020;-0,00001
18/05/2020;0,00952
15/05/2020;-0,00204
14/05/2020;0,00424
13/05/2020;-0,00146
12/05/2020;-0,00503
11/05/2020;-0,00271
08/05/2020;0,00568
07/05/2020;-0,00342
06/05/2020;-0,00055
05/05/2020;0,00182
04/05/2020;-0,00359
30/04/2020;-0,00590
29/04/2020;0,00539
28/04/2020;0,01339
27/04/2020;0,00657
24/04/2020;-0,02025
23/04/2020;-0,00544
22/04/2020;0,00514
20/04/2020;0,00171
17/04/2020;0,00455
16/04/2020;0,00057
15/04/2020;0,00005
14/04/2020;0,00487
13/04/2020;0,00300
09/04/2020;0,00021
08/04/2020;0,00626
07/04/2020;0,00607
06/04/2020;0,01239
03/04/2020;-0,00854
02/04/2020;0,00246
01/04/2020;-0,00659
31/03/2020;-0,00384
30/03/2020;0,00403
27/03/2020;-0,00910
26/03/2020;0,01033
25/03/2020;0,01854
24/03/2020;0,02079
23/03/2020;-0,01447
20/03/2020;-0,00454
19/03/2020;0,00448
18/03/2020;-0,02965
17/03/2020;0,00976
16/03/2020;-0,02565
13/03/2020;0,03992
12/03/2020;-0,03969
11/03/2020;-0,02601
10/03/2020;0,01326
09/03/2020;-0,02850
06/03/2020;-0,00837
05/03/2020;-0,01105
04/03/2020;0,00403
03/03/2020;-0,00103
02/03/2020;0,00705
28/02/2020;0,00212
27/02/2020;-0,00498
26/02/2020;-0,01519
21/02/2020;-0,00238
20/02/2020;-0,00363
19/02/2020;0,00330
18/02/2020;-0,00046
17/02/2020;0,00101
14/02/2020;-0,00011
13/02/2020;-0,00169
12/02/2020;0,00329
11/02/2020;0,00575
10/02/2020;-0,00125
07/02/2020;-0,00266
06/02/2020;-0,00170
05/02/2020;0,00203
04/02/2020;0,00193
03/02/2020;0,00224
31/01/2020;-0,00306
30/01/2020;-0,00022
29/01/2020;-0,00093
28/01/2020;0,00394
27/01/2020;-0,00636
24/01/2020;-0,00152
23/01/2020;0,00180
22/01/2020;0,00328
21/01/2020;-0,00272
20/01/2020;0,00016
17/01/2020;0,00356
16/01/2020;-0,00017
15/01/2020;-0,00134
14/01/2020;0,00175
13/01/2020;0,00242
10/01/2020;-0,00013
09/01/2020;0,00028
08/01/2020;0,00023
07/01/2020;0,00004
06/01/2020;-0,00250
03/01/2020;-0,00170
02/01/2020;0,00448
31/12/2019;0,00028
30/12/2019;0,00048
27/12/2019;-0,00035
26/12/2019;0,00344
24/12/2019;0,00033
23/12/2019;0,00233
20/12/2019;0,00112
19/12/2019;-0,00114
18/12/2019;0,00238
17/12/2019;-0,00094
16/12/2019;-0,00161
13/12/2019;0,00084
12/12/2019;0,00322
11/12/2019;0,00161
10/12/2019;0,00025
09/12/2019;0,00046
06/12/2019;0,00267
05/12/2019;0,00088
04/12/2019;0,00334
03/12/2019;0,00112
02/12/2019;0,00055
29/11/2019;-0,00007
28/11/2019;0,00169
27/11/2019;0,00020
26/11/2019;-0,00360
25/11/2019;-0,00088
22/11/2019;0,00301
21/11/2019;0,00137
20/11/2019;0,00014
19/11/2019;-0,00073
18/11/2019;-0,00062
14/11/2019;0,00159
13/11/2019;-0,00151
12/11/2019;-0,00395
11/11/2019;0,00140
08/11/2019;-0,00425
07/11/2019;0,00115
06/11/2019;-0,00153
05/11/2019;-0,00043
04/11/2019;0,00081
01/11/2019;0,00257
31/10/2019;-0,00165
30/10/2019;0,00236
29/10/2019;-0,00039
28/10/2019;0,00199
25/10/2019;0,00204
24/10/2019;-0,00102
23/10/2019;0,00144
22/10/2019;0,00132
21/10/2019;0,00231
18/10/2019;-0,00005
17/10/2019;0,00080
16/10/2019;0,00320
15/10/2019;-0,00048
14/10/2019;0,00186
11/10/2019;0,00568
10/10/2019;0,00174
09/10/2019;0,00327
08/10/2019;-0,00104
07/10/2019;-0,00398
04/10/2019;0,00187
03/10/2019;0,00176
02/10/2019;-0,00508
01/10/2019;-0,00086
30/09/2019;-0,00034
27/09/2019;-0,00018
26/09/2019;0,00215
25/09/2019;0,00202
24/09/2019;-0,00175
23/09/2019;-0,00056
20/09/2019;0,00234
19/09/2019;0,00161
18/09/2019;0,00061
17/09/2019;0,00310
16/09/2019;0,00139
13/09/2019;-0,00222
12/09/2019;0,00217
11/09/2019;0,00176
10/09/2019;-0,00066
09/09/2019;0,00009
06/09/2019;0,00117
05/09/2019;0,00146
04/09/2019;0,00384
03/09/2019;-0,00071
02/09/2019;-0,00135
30/08/2019;0,00321
29/08/2019;0,00374
28/08/2019;-0,00019
27/08/2019;0,00063
26/08/2019;-0,00363
23/08/2019;-0,00430
22/08/2019;-0,00200
21/08/2019;0,00431
20/08/2019;-0,00050
19/08/2019;-0,00106
16/08/2019;0,00217
15/08/2019;-0,00181
14/08/2019;-0,00542
13/08/2019;0,00215
12/08/2019;-0,00421
09/08/2019;0,00028
08/08/2019;0,00347
07/08/2019;0,00224
06/08/2019;0,00540
05/08/2019;-0,00540
02/08/2019;0,00112
01/08/2019;0,00135
31/07/2019;-0,00239
30/07/2019;-0,00071
29/07/2019;0,00126
26/07/2019;0,00093
25/07/2019;-0,00289
24/07/2019;0,00128
23/07/2019;0,00056
22/07/2019;0,00122
19/07/2019;-0,00188
18/07/2019;0,00179
17/07/2019;0,00040
16/07/2019;-0,00040
15/07/2019;0,00004
12/07/2019;-0,00215
11/07/2019;-0,00078
10/07/2019;0,00351
09/07/2019;0,00017
08/07/2019;0,00201
05/07/2019;0,00072
04/07/2019;0,00349
03/07/2019;0,00334
02/07/2019;-0,00185
01/07/2019;0,00119
28/06/2019;0,00212
27/06/2019;0,00084
26/06/2019;0,00156
25/06/2019;-0,00405
24/06/2019;0,00077
21/06/2019;0,00617
19/06/2019;0,00218
18/06/2019;0,00390
17/06/2019;-0,00023
14/06/2019;-0,00072
13/06/2019;0,00176
12/06/2019;-0,00167
11/06/2019;0,00353
10/06/2019;-0,00010
07/06/2019;0,00236
06/06/2019;0,00332
05/06/2019;-0,00351
04/06/2019;0,00129
03/06/2019;0,00114
31/05/2019;0,00028
30/05/2019;0,00268
29/05/2019;0,00202
28/05/2019;0,00489
27/05/2019;0,00288
24/05/2019;-0,00022
23/05/2019;-0,00037
22/05/2019;0,00032
21/05/2019;0,00591
20/05/2019;0,00474
17/05/2019;-0,00138
16/05/2019;-0,00392
15/05/2019;-0,00078
14/05/2019;0,00177
13/05/2019;-0,00472
10/05/2019;-0,00009
09/05/2019;-0,00033
08/05/2019;0,00314
07/05/2019;-0,00101
06/05/2019;-0,00150
03/05/2019;0,00216
02/05/2019;-0,00138
30/04/2019;0,00129
29/04/2019;-0,00016
26/04/2019;0,00008
25/04/2019;0,00359
24/04/2019;-0,00159
23/04/2019;0,00399
22/04/2019;0,00054
18/04/2019;0,00339
17/04/2019;-0,00173
16/04/2019;0,00214
15/04/2019;0,00067
12/04/2019;-0,00352
11/04/2019;-0,00233
10/04/2019;0,00039
09/04/2019;-0,00264
08/04/2019;0,00019
05/04/2019;0,00191
04/04/2019;0,00348
03/04/2019;-0,00231
02/04/2019;-0,00080
01/04/2019;0,00238
29/03/2019;0,00246
28/03/2019;0,00837
27/03/2019;-0,00955
26/03/2019;0,00199
25/03/2019;0,00025
22/03/2019;-0,00812
21/03/2019;-0,00309
20/03/2019;-0,00183
19/03/2019;-0,00025
18/03/2019;0,00228
15/03/2019;0,00141
14/03/2019;-0,00060
13/03/2019;0,00303
12/03/2019;0,00022
11/03/2019;0,00653
08/03/2019;0,00270
07/03/2019;0,00023
06/03/2019;-0,00076
01/03/2019;-0,00164
28/02/2019;-0,00271
27/02/2019;0,00044
26/02/2019;0,00081
25/02/2019;-0,00117
22/02/2019;0,00189
21/02/2019;0,00075
20/02/2019;-0,00294
19/02/2019;0,00243
18/02/2019;-0,00224
15/02/2019;0,00123
14/02/2019;0,00511
13/02/2019;0,00058
12/02/2019;0,00477
11/02/2019;-0,00169
08/02/2019;0,00012
07/02/2019;-0,00146
06/02/2019;-0,00733
05/02/2019;-0,00090
04/02/2019;0,00102
01/02/2019;0,00221
31/01/2019;0,00298
30/01/2019;0,00293
29/01/2019;0,00173
28/01/2019;-0,00384
25/01/2019;0,00015
24/01/2019;0,00173
23/01/2019;0,00339
22/01/2019;-0,00125
21/01/2019;0,00014
18/01/2019;0,00153
17/01/2019;0,00221
16/01/2019;0,00100
15/01/2019;-0,00087
14/01/2019;0,00287
11/01/2019;0,00004
10/01/2019;0,00057
09/01/2019;0,00508
08/01/2019;0,00116
07/01/2019;-0,00038
04/01/2019;0,00217
03/01/2019;0,00277
02/01/2019;0,00776
31/12/2018;0,00024
28/12/2018;0,00579
27/12/2018;0,00137
26/12/2018;-0,00097
24/12/2018;0,00020
21/12/2018;0,00084
20/12/2018;0,00021
19/12/2018;-0,00058
18/12/2018;0,00042
17/12/2018;-0,00208
14/12/2018;-0,00009
13/12/2018;0,00275
12/12/2018;0,00230
11/12/2018;0,00133
10/12/2018;-0,00483
07/12/2018;-0,00135
06/12/2018;-0,00014
05/12/2018;0,00131
04/12/2018;-0,00324
03/12/2018;0,00074
30/11/2018;0,00007
29/11/2018;0,00110
28/11/2018;0,00345
27/11/2018;0,00482
26/11/2018;-0,00356
23/11/2018;-0,00202
22/11/2018;0,00131
21/11/2018;-0,00022
20/11/2018;0,00022
19/11/2018;-0,00129
16/11/2018;0,00698
14/11/2018;0,00365
13/11/2018;-0,00179
12/11/2018;-0,00035
09/11/2018;0,00017
08/11/2018;-0,00451
07/11/2018;-0,00240
06/11/2018;-0,00175
05/11/2018;0,00251
01/11/2018;0,00236
31/10/2018;0,00147
30/10/2018;0,00676
29/10/2018;-0,00447
26/10/2018;0,00573
25/10/2018;0,00239
24/10/2018;-0,00522
23/10/2018;-0,00039
22/10/2018;0,00490
19/10/2018;0,00075
18/10/2018;-0,00473
17/10/2018;0,00182
16/10/2018;0,00681
15/10/2018;0,00272
11/10/2018;-0,00145
10/10/2018;-0,00508
09/10/2018;0,00275
08/10/2018;0,01333
05/10/2018;-0,00138
04/10/2018;0,00129
03/10/2018;0,00562
02/10/2018;0,00756
01/10/2018;-0,00145
28/09/2018;-0,00160
27/09/2018;0,00335
26/09/2018;0,00020
25/09/2018;0,00137
24/09/2018;-0,00319
21/09/2018;0,00366
20/09/2018;0,00003
19/09/2018;-0,00062
18/09/2018;0,00334
17/09/2018;0,00414
14/09/2018;0,00215
13/09/2018;-0,00164
12/09/2018;0,00192
11/09/2018;-0,00389
10/09/2018;0,00036
06/09/2018;0,00366
05/09/2018;0,00057
04/09/2018;-0,00397
03/09/2018;-0,00190
31/08/2018;0,00095
30/08/2018;-0,00579
29/08/2018;0,00212
28/08/2018;-0,00139
27/08/2018;0,00447
24/08/2018;0,00208
23/08/2018;-0,00364
22/08/2018;0,00585
21/08/2018;-0,00540
20/08/2018;-0,00013
17/08/2018;-0,00169
16/08/2018;-0,00044
15/08/2018;-0,00215
14/08/2018;0,00558
13/08/2018;0,00291
10/08/2018;-0,00631
09/08/2018;-0,00161
08/08/2018;-0,00219
07/08/2018;-0,00223
06/08/2018;-0,00031
03/08/2018;0,00486
02/08/2018;0,00082
01/08/2018;0,00075
31/07/2018;-0,00209
30/07/2018;0,00094
27/07/2018;0,00143
26/07/2018;-0,00220
25/07/2018;0,00339
24/07/2018;0,00296
23/07/2018;-0,00139
20/07/2018;0,00436
19/07/2018;0,00090
18/07/2018;-0,00150
17/07/2018;0,00369
16/07/2018;0,00017
13/07/2018;0,00235
12/07/2018;0,00259
11/07/2018;-0,00163
10/07/2018;0,00089
09/07/2018;0,00042
06/07/2018;0,00191
05/07/2018;-0,00060
04/07/2018;0,00344
03/07/2018;0,00220
02/07/2018;0,00115
29/06/2018;0,00303
28/06/2018;0,00436
27/06/2018;-0,00260
26/06/2018;0,00181
25/06/2018;0,00161
22/06/2018;0,00121
21/06/2018;-0,00510
20/06/2018;0,00152
19/06/2018;0,00592
18/06/2018;-0,00157
15/06/2018;0,00150
14/06/2018;-0,00430
13/06/2018;-0,00187
12/06/2018;0,00134
11/06/2018;-0,00109
08/06/2018;0,00013
07/06/2018;-0,00784
06/06/2018;-0,00193
05/06/2018;-0,00666
04/06/2018;0,00298
01/06/2018;0,00236
30/05/2018;0,00255
29/05/2018;-0,00011
28/05/2018;-0,00790
25/05/2018;-0,00394
24/05/2018;-0,00232
23/05/2018;-0,00459
22/05/2018;0,00339
21/05/2018;-0,00152
18/05/2018;-0,00367
17/05/2018;-0,00753
16/05/2018;0,00312
15/05/2018;0,00013
14/05/2018;-0,00116
11/05/2018;-0,00172
10/05/2018;0,00505
09/05/2018;0,00154
08/05/2018;-0,00089
07/05/2018;-0,00124
04/05/2018;0,00012
03/05/2018;-0,00247
02/05/2018;-0,00336
30/04/2018;-0,00092
27/04/2018;0,00038
26/04/2018;0,00327
25/04/2018;-0,00056
24/04/2018;-0,00034
23/04/2018;-0,00051
20/04/2018;-0,00050
19/04/2018;0,00010
18/04/2018;0,00417
17/04/2018;0,00276
16/04/2018;-0,00231
13/04/2018;-0,00251
12/04/2018;0,00148
11/04/2018;0,00223
10/04/2018;0,00251
09/04/2018;-0,00287
06/04/2018;-0,00126
05/04/2018;0,00303
04/04/2018;-0,00096
03/04/2018;-0,00073
02/04/2018;-0,00203
29/03/2018;0,00387
28/03/2018;-0,00073
27/03/2018;-0,00330
26/03/2018;0,00205
23/03/2018;-0,00078
22/03/2018;0,00141
21/03/2018;0,00265
20/03/2018;-0,00035
19/03/2018;-0,00239
16/03/2018;0,00081
15/03/2018;-0,00212
14/03/2018;-0,00030
13/03/2018;-0,00039
12/03/2018;0,00121
09/03/2018;0,00291
08/03/2018;-0,00081
07/03/2018;-0,00015
06/03/2018;-0,00032
05/03/2018;0,00126
02/03/2018;0,00155
01/03/2018;0,00002
28/02/2018;-0,00289
27/02/2018;-0,00098
26/02/2018;0,00191
23/02/2018;0,00189
22/02/2018;0,00120
21/02/2018;0,00068
20/02/2018;0,00183
19/02/2018;0,00076
16/02/2018;0,00161
15/02/2018;0,00313
14/02/2018;0,00741
09/02/2018;-0,00246
08/02/2018;-0,00334
07/02/2018;-0,00212
06/02/2018;0,00445
05/02/2018;-0,00552
02/02/2018;-0,00368
01/02/2018;0,00181
31/01/2018;0,00123
30/01/2018;-0,00065
29/01/2018;-0,00170
26/01/2018;0,00598
25/01/2018;0,00024
24/01/2018;0,00897
23/01/2018;-0,00221
22/01/2018;0,00092
19/01/2018;0,00086
18/01/2018;0,00004
17/01/2018;0,00303
16/01/2018;0,00033
15/01/2018;0,00147
12/01/2018;0,00096
11/01/2018;0,00360
10/01/2018;-0,00044
09/01/2018;-0,00070
08/01/2018;0,00115
05/01/2018;0,00077
04/01/2018;0,00240
03/01/2018;0,00128
02/01/2018;0,00528
29/12/2017;0,00028
28/12/2017;0,00146
27/12/2017;0,00096
26/12/2017;0,00256
22/12/2017;-0,00018
21/12/2017;0,00466
20/12/2017;0,00282
19/12/2017;-0,00103
18/12/2017;0,00174
15/12/2017;0,00113
14/12/2017;-0,00157
13/12/2017;-0,00141
12/12/2017;0,00178
11/12/2017;0,00038
08/12/2017;0,00121
07/12/2017;-0,00265
06/12/2017;0,00141
05/12/2017;-0,00067
04/12/2017;0,00224
01/12/2017;0,00087
30/11/2017;-0,00221
29/11/2017;-0,00469
28/11/2017;0,00069
27/11/2017;-0,00041
24/11/2017;-0,00103
23/11/2017;0,00046
22/11/2017;-0,00037
21/11/2017;0,00406
20/11/2017;0,00031
17/11/2017;0,00343
16/11/2017;0,00565
14/11/2017;-0,00427
13/11/2017;0,00051
10/11/2017;-0,00270
09/11/2017;-0,00316
08/11/2017;0,00527
07/11/2017;-0,00459
06/11/2017;0,00212
03/11/2017;-0,00137
01/11/2017;-0,00208
31/10/2017;-0,00084
30/10/2017;-0,00332
27/10/2017;0,00061
26/10/2017;-0,00360
25/10/2017;0,00123
24/10/2017;0,00131
23/10/2017;-0,00273
20/10/2017;0,00101
19/10/2017;0,00000
18/10/2017;0,00137
17/10/2017;-0,00075
16/10/2017;-0,00039
13/10/2017;0,00096
11/10/2017;-0,00049
10/10/2017;0,00333
09/10/2017;-0,00104
06/10/2017;0,00066
05/10/2017;-0,00051
04/10/2017;0,00005
03/10/2017;0,00504
02/10/2017;0,00066
29/09/2017;0,00202
28/09/2017;-0,00028
27/09/2017;-0,00129
26/09/2017;0,00078
25/09/2017;-0,00233
22/09/2017;-0,00010
21/09/2017;0,00039
20/09/2017;0,00058
19/09/2017;0,00078
18/09/2017;0,00097
15/09/2017;0,00243
14/09/2017;0,00042
13/09/2017;0,00074
12/09/2017;0,00012
11/09/2017;0,00251
08/09/2017;0,00079
06/09/2017;0,00439
05/09/2017;0,00132
04/09/2017;0,00095
01/09/2017;0,00258
31/08/2017;0,00110
30/08/2017;-0,00074
29/08/2017;0,00094
28/08/2017;0,00019
25/08/2017;0,00021
24/08/2017;0,00244
23/08/2017;0,00193
22/08/2017;0,00360
21/08/2017;-0,00082
18/08/2017;0,00311
17/08/2017;-0,00305
16/08/2017;0,00129
15/08/2017;0,00123
14/08/2017;0,00236
11/08/2017;0,00106
10/08/2017;-0,00244
09/08/2017;-0,00075
08/08/2017;0,00028
07/08/2017;0,00187
04/08/2017;0,00071
03/08/2017;0,00091
02/08/2017;0,00257
01/08/2017;0,00237
31/07/2017;0,00185
28/07/2017;0,00111
27/07/2017;0,00410
26/07/2017;-0,00179
25/07/2017;0,00112
24/07/2017;0,00076
21/07/2017;0,00038
20/07/2017;0,00067
19/07/2017;0,00166
18/07/2017;0,00145
17/07/2017;0,00082
14/07/2017;0,00253
13/07/2017;0,00090
12/07/2017;0,00460
11/07/2017;0,00281
10/07/2017;0,00223
07/07/2017;-0,00083
06/07/2017;-0,00129
05/07/2017;0,00018
04/07/2017;-0,00026
03/07/2017;0,00204
30/06/2017;0,00253
29/06/2017;0,00033
28/06/2017;0,00239
27/06/2017;-0,00175
26/06/2017;0,00288
23/06/2017;-0,00038
22/06/2017;0,00087
21/06/2017;0,00062
20/06/2017;-0,00427
19/06/2017;0,00231
16/06/2017;0,00110
14/06/2017;0,00207
13/06/2017;0,00035
12/06/2017;-0,00075
09/06/2017;-0,00062
08/06/2017;-0,00075
07/06/2017;0,00100
06/06/2017;0,00292
05/06/2017;-0,00105
02/06/2017;-0,00031
01/06/2017;-0,00293
31/05/2017;-0,00174
30/05/2017;-0,00097
29/05/2017;0,00042
26/05/2017;0,00380
25/05/2017;0,00040
24/05/2017;0,00278
23/05/2017;0,00706
22/05/2017;-0,00418
19/05/2017;0,00981
18/05/2017;-0,03952
17/05/2017;-0,00333
16/05/2017;0,00313
15/05/2017;0,00279
12/05/2017;0,00286
11/05/2017;0,00230
10/05/2017;0,00420
09/05/2017;0,00269
08/05/2017;-0,00043
05/05/2017;0,00276
04/05/2017;-0,00322
03/05/2017;-0,00100
02/05/2017;0,00433
28/04/2017;0,00295
27/04/2017;-0,00043
26/04/2017;-0,00062
25/04/2017;0,00059
24/04/2017;0,00191
20/04/2017;0,00065
19/04/2017;-0,00207
18/04/2017;0,00082
17/04/2017;0,00441
13/04/2017;-0,00324
12/04/2017;-0,00073
11/04/2017;-0,00078
10/04/2017;0,00183
07/04/2017;0,00205
06/04/2017;-0,00310
05/04/2017;-0,00255
04/04/2017;0,00153
03/04/2017;0,00100
31/03/2017;0,00010
30/03/2017;-0,00090
29/03/2017;0,00275
28/03/2017;0,00032
27/03/2017;0,00201
24/03/2017;0,00258
23/03/2017;-0,00073
22/03/2017;0,00106
21/03/2017;-0,00385
20/03/2017;0,00158
17/03/2017;-0,00274
16/03/2017;-0,00063
15/03/2017;0,00515
14/03/2017;-0,00350
13/03/2017;0,00280
10/03/2017;0,00260
09/03/2017;-0,00082
08/03/2017;-0,00286
07/03/2017;-0,00111
06/03/2017;-0,00051
03/03/2017;0,00356
02/03/2017;-0,00337
01/03/2017;0,00226
24/02/2017;-0,00221
23/02/2017;-0,00016
22/02/2017;-0,00009
21/02/2017;0,00285
20/02/2017;0,00228
17/02/2017;0,00066
16/02/2017;-0,00149
15/02/2017;0,00328
14/02/2017;-0,00005
13/02/2017;0,00250
10/02/2017;0,00375
09/02/2017;0,00160
08/02/2017;0,00394
07/02/2017;0,00171
06/02/2017;-0,00166
03/02/2017;0,00235
02/02/2017;0,00043
01/02/2017;0,00172
31/01/2017;0,00121
30/01/2017;-0,00508
27/01/2017;0,00090
26/01/2017;0,00054
25/01/2017;0,00041
24/01/2017;0,00143
23/01/2017;0,00283
20/01/2017;0,00182
19/01/2017;0,00029
18/01/2017;-0,00123
17/01/2017;0,00130
16/01/2017;0,00174
13/01/2017;-0,00005
12/01/2017;0,00960
11/01/2017;0,00040
10/01/2017;0,00175
09/01/2017;0,00028
06/01/2017;-0,00124
05/01/2017;0,00220
04/01/2017;-0,00154
03/01/2017;0,00534
02/01/2017;0,00087
30/12/2016;0,00040
29/12/2016;0,00306
28/12/2016;0,00416
27/12/2016;0,00088
26/12/2016;0,00241
23/12/2016;0,00194
22/12/2016;0,00051
21/12/2016;0,00199
20/12/2016;0,00193
19/12/2016;-0,00218
16/12/2016;0,00081
15/12/2016;0,00116
14/12/2016;-0,00191
13/12/2016;0,00099
12/12/2016;-0,00255
09/12/2016;-0,00026
08/12/2016;0,00134
07/12/2016;0,00258
06/12/2016;0,00259
05/12/2016;0,00218
02/12/2016;0,00189
01/12/2016;-0,01129
30/11/2016;0,00329
29/11/2016;-0,00319
28/11/2016;0,00456
25/11/2016;-0,00090
24/11/2016;-0,00167
23/11/2016;0,00049
22/11/2016;0,00282
21/11/2016;0,00632
18/11/2016;0,00128
17/11/2016;-0,00197
16/11/2016;0,00698
14/11/2016;-0,00340
11/11/2016;-0,00588
10/11/2016;-0,01127
09/11/2016;-0,00428
08/11/2016;0,00093
07/11/2016;0,00767
04/11/2016;0,00051
03/11/2016;-0,00345
01/11/2016;-0,00435
31/10/2016;0,00250
28/10/2016;0,00005
27/10/2016;0,00048
26/10/2016;-0,00126
25/10/2016;-0,00180
24/10/2016;0,00122
21/10/2016;-0,00002
20/10/2016;0,00121
19/10/2016;0,00118
18/10/2016;0,00335
17/10/2016;0,00323
14/10/2016;0,00198
13/10/2016;0,00092
11/10/2016;-0,00143
10/10/2016;0,00202
07/10/2016;0,00156
06/10/2016;0,00110
05/10/2016;0,00446
04/10/2016;-0,00106
03/10/2016;0,00586
30/09/2016;0,00117
29/09/2016;-0,00292
28/09/2016;0,00382
27/09/2016;0,00237
26/09/2016;-0,00167
23/09/2016;0,00002
22/09/2016;0,00398
21/09/2016;0,00392
20/09/2016;0,00136
19/09/2016;0,00119
16/09/2016;-0,00159
15/09/2016;0,00296
14/09/2016;0,00080
13/09/2016;-0,00691
12/09/2016;0,00284
09/09/2016;-0,00773
08/09/2016;0,00010
06/09/2016;0,00225
05/09/2016;-0,00018
02/09/2016;0,00498
01/09/2016;0,00212
31/08/2016;-0,00069
30/08/2016;-0,00077
29/08/2016;0,00401
26/08/2016;-0,00155
25/08/2016;-0,00007
24/08/2016;-0,00151
23/08/2016;0,00051
22/08/2016;-0,00340
19/08/2016;0,00090
18/08/2016;-0,00051
17/08/2016;0,00177
16/08/2016;-0,00097
15/08/2016;0,00238
12/08/2016;0,00038
11/08/2016;0,00502
10/08/2016;-0,00102
09/08/2016;0,00179
08/08/2016;-0,00036
05/08/2016;0,00210
04/08/2016;0,00281
03/08/2016;0,00336
02/08/2016;-0,00185
01/08/2016;-0,00044
29/07/2016;0,00214
28/07/2016;0,00041
27/07/2016;0,00129
26/07/2016;0,00092
25/07/2016;-0,00013
22/07/2016;0,00074
21/07/2016;-0,00047
20/07/2016;0,00056
19/07/2016;-0,00006
18/07/2016;0,00337
15/07/2016;0,00203
14/07/2016;0,00408
13/07/2016;0,00244
12/07/2016;0,00144
11/07/2016;0,00348
08/07/2016;0,00564
07/07/2016;0,00067
06/07/2016;0,00021
05/07/2016;-0,00288
04/07/2016;0,00094
01/07/2016;0,00344
30/06/2016;0,00196
29/06/2016;0,00114
28/06/2016;0,00210
27/06/2016;-0,00028
24/06/2016;-0,00420
23/06/2016;0,00603
22/06/2016;-0,00187
21/06/2016;0,00226
20/06/2016;0,00282
17/06/2016;0,00082
16/06/2016;0,00151
15/06/2016;0,00102
14/06/2016;-0,00251
13/06/2016;0,00154
10/06/2016;-0,00614
09/06/2016;-0,00126
08/06/2016;0,00506
07/06/2016;0,00003
06/06/2016;0,00034
03/06/2016;0,00436
02/06/2016;0,00434
01/06/2016;0,00291
31/05/2016;-0,00219
30/05/2016;0,00139
27/05/2016;-0,00236
25/05/2016;0,00012
24/05/2016;0,00028
23/05/2016;-0,00448
20/05/2016;-0,00043
19/05/2016;0,00007
18/05/2016;-0,00327
17/05/2016;-0,00338
16/05/2016;0,00059
13/05/2016;-0,00346
12/05/2016;0,00376
11/05/2016;0,00113
10/05/2016;0,00939
09/05/2016;-0,00265
06/05/2016;0,00013
05/05/2016;-0,00070
04/05/2016;0,00130
03/05/2016;-0,00378
02/05/2016;-0,00101
29/04/2016;0,00260
28/04/2016;-0,00110
27/04/2016;0,00674
26/04/2016;0,00416
25/04/2016;-0,00189
22/04/2016;-0,00221
20/04/2016;-0,00067
19/04/2016;0,00078
18/04/2016;0,00077
15/04/2016;0,00384
14/04/2016;-0,00172
13/04/2016;0,00727
12/04/2016;0,00681
11/04/2016;0,00110
08/04/2016;0,00880
07/04/2016;0,00148
06/04/2016;-0,00372
05/04/2016;0,00156
04/04/2016;-0,00756
01/04/2016;0,00354
31/03/2016;-0,00584
30/03/2016;-0,00162
29/03/2016;0,00227
28/03/2016;0,00689
24/03/2016;-0,00217
23/03/2016;-0,00710
22/03/2016;0,00300
21/03/2016;0,00253
18/03/2016;0,00149
17/03/2016;0,01630
16/03/2016;0,00223
15/03/2016;-0,00857
14/03/2016;-0,00395
11/03/2016;0,00274
10/03/2016;0,00432
09/03/2016;0,00062
08/03/2016;0,00246
07/03/2016;-0,00159
04/03/2016;0,00857
03/03/2016;0,01087
02/03/2016;0,00375
01/03/2016;0,00604
29/02/2016;0,00494
26/02/2016;-0,00043
25/02/2016;-0,00055
24/02/2016;-0,00021
23/02/2016;-0,00200
22/02/2016;0,00695
19/02/2016;0,00102
18/02/2016;-0,00099
17/02/2016;0,00271
16/02/2016;0,00425
15/02/2016;0,00227
12/02/2016;0,00471
11/02/2016;-0,00377
10/02/2016;0,00048
05/02/2016;0,00154
04/02/2016;0,00238
03/02/2016;0,00459
02/02/2016;-0,00952
01/02/2016;0,00278
29/01/2016;0,00781
28/01/2016;0,00295
27/01/2016;0,00275
26/01/2016;-0,00098
25/01/2016;0,00057
22/01/2016;0,00213
21/01/2016;0,00246
20/01/2016;-0,00204
19/01/2016;0,00008
18/01/2016;-0,00176
15/01/2016;-0,00314
14/01/2016;0,00212
13/01/2016;-0,00188
12/01/2016;-0,00087
11/01/2016;-0,00188
08/01/2016;-0,00082
07/01/2016;-0,00449
06/01/2016;-0,00095
05/01/2016;0,00297
04/01/2016;-0,00305
31/12/2015;0,00050
30/12/2015;-0,00046
29/12/2015;0,00072
28/12/2015;-0,00057
24/12/2015;0,00047
23/12/2015;0,00306
22/12/2015;0,00148
21/12/2015;-0,00178
18/12/2015;-0,00390
17/12/2015;0,00173
16/12/2015;0,00085
15/12/2015;0,00007
14/12/2015;-0,00198
11/12/2015;-0,00059
10/12/2015;-0,00167
09/12/2015;0,00616
08/12/2015;-0,00212
07/12/2015;0,00026
04/12/2015;-0,00248
03/12/2015;0,00396
02/12/2015;0,00094
01/12/2015;0,00080
30/11/2015;-0,00188
27/11/2015;-0,00544
26/11/2015;-0,00044
25/11/2015;-0,00628
24/11/2015;-0,00127
23/11/2015;0,00043
20/11/2015;0,00070
19/11/2015;0,00406
18/11/2015;0,00144
17/11/2015;0,00189
16/11/2015;0,00204
13/11/2015;-0,00042
12/11/2015;0,00008
11/11/2015;0,00512
10/11/2015;0,00090
09/11/2015;-0,00150
06/11/2015;-0,00314
05/11/2015;0,00033
04/11/2015;0,00191
03/11/2015;0,00929
30/10/2015;0,00112
29/10/2015;-0,00422
28/10/2015;-0,00077
27/10/2015;0,00163
26/10/2015;0,00020
23/10/2015;-0,00062
22/10/2015;0,00596
21/10/2015;0,00052
20/10/2015;-0,00030
19/10/2015;0,00021
16/10/2015;0,00067
15/10/2015;0,00406
14/10/2015;-0,00197
13/10/2015;-0,00701
09/10/2015;-0,00133
08/10/2015;0,00212
07/10/2015;0,00179
06/10/2015;0,00093
05/10/2015;0,00118
02/10/2015;0,01057
01/10/2015;0,00160
30/09/2015;0,00611
29/09/2015;0,00348
28/09/2015;-0,01039
25/09/2015;-0,00428
24/09/2015;0,01237
23/09/2015;-0,00425
22/09/2015;-0,00109
21/09/2015;-0,00283
18/09/2015;-0,00849
17/09/2015;0,00027
16/09/2015;0,00466
15/09/2015;0,00148
14/09/2015;0,00616
11/09/2015;0,00184
10/09/2015;-0,00227
09/09/2015;0,00097
08/09/2015;0,00427
04/09/2015;-0,00619
03/09/2015;0,00413
02/09/2015;0,00023
01/09/2015;-0,00549
31/08/2015;-0,00365
28/08/2015;-0,00062
27/08/2015;0,00464
26/08/2015;0,00746
25/08/2015;0,00134
24/08/2015;-0,00677
21/08/2015;-0,00561
20/08/2015;-0,00101
19/08/2015;-0,00294
18/08/2015;0,00260
17/08/2015;0,00028
14/08/2015;-0,00091
13/08/2015;-0,00049
12/08/2015;-0,00073
11/08/2015;-0,00002
10/08/2015;0,00405
07/08/2015;-0,00583
06/08/2015;-0,00467
05/08/2015;-0,00106
04/08/2015;0,00042
03/08/2015;-0,00378
31/07/2015;0,00424
30/07/2015;0,00189
29/07/2015;0,00205
28/07/2015;0,00333
27/07/2015;-0,00122
24/07/2015;-0,00223
23/07/2015;-0,00860
22/07/2015;-0,00220
21/07/2015;0,00059
20/07/2015;-0,00033
17/07/2015;-0,00145
16/07/2015;0,00187
15/07/2015;0,00007
14/07/2015;0,00072
13/07/2015;0,00154
10/07/2015;0,00297
09/07/2015;0,00050
08/07/2015;-0,00187
07/07/2015;0,00128
06/07/2015;-0,00156
03/07/2015;-0,00024
02/07/2015;0,00263
01/07/2015;-0,00095
30/06/2015;0,00006
29/06/2015;-0,00447
26/06/2015;0,00329
25/06/2015;-0,00351
24/06/2015;0,00011
23/06/2015;0,00038
22/06/2015;0,00171
19/06/2015;-0,00005
18/06/2015;0,00334
17/06/2015;-0,00038
16/06/2015;0,00200
15/06/2015;-0,00146
12/06/2015;0,00006
11/06/2015;-0,00054
10/06/2015;0,00281
09/06/2015;0,00051
08/06/2015;0,00123
05/06/2015;-0,00141
03/06/2015;-0,00173
02/06/2015;0,00203
01/06/2015;0,00092
29/05/2015;-0,00409
28/05/2015;0,00120
27/05/2015;0,00121
26/05/2015;-0,00234
25/05/2015;0,00016
22/05/2015;0,00000
21/05/2015;0,00133
20/05/2015;0,00105
19/05/2015;-0,00178
18/05/2015;-0,00431
15/05/2015;0,00360
14/05/2015;0,00463
13/05/2015;-0,00027
12/05/2015;-0,00156
11/05/2015;0,00025
08/05/2015;0,00322
07/05/2015;-0,00042
06/05/2015;-0,00213
05/05/2015;0,00182
04/05/2015;0,00391
30/04/2015;0,00095
29/04/2015;0,00003
28/04/2015;0,00120
27/04/2015;-0,00134
24/04/2015;0,00236
23/04/2015;0,00257
22/04/2015;0,00269
20/04/2015;-0,00291
17/04/2015;-0,00233
16/04/2015;-0,00097
15/04/2015;0,00386
14/04/2015;0,00117
13/04/2015;0,00036
10/04/2015;0,00333
09/04/2015;0,00015
08/04/2015;0,00202
07/04/2015;0,00042
06/04/2015;0,00256
02/04/2015;0,00216
01/04/2015;0,00566
31/03/2015;0,00134
30/03/2015;0,00466
27/03/2015;-0,00140
26/03/2015;-0,00357
25/03/2015;0,00145
24/03/2015;-0,00120
23/03/2015;0,00036
20/03/2015;0,00366
19/03/2015;-0,00394
18/03/2015;0,00432
17/03/2015;0,00742
16/03/2015;0,00139
13/03/2015;0,00170
12/03/2015;-0,00033
11/03/2015;0,00318
10/03/2015;-0,00152
09/03/2015;-0,00453
06/03/2015;-0,00041
05/03/2015;-0,00089
04/03/2015;-0,00277
03/03/2015;0,00135
02/03/2015;-0,00220
27/02/2015;0,00382
26/02/2015;0,00111
25/02/2015;0,00055
24/02/2015;0,00233
23/02/2015;0,00092
20/02/2015;0,00016
19/02/2015;0,00133
18/02/2015;0,00191
13/02/2015;0,00389
12/02/2015;0,00607
11/02/2015;-0,00214
10/02/2015;-0,00280
09/02/2015;0,00148
06/02/2015;-0,00157
05/02/2015;-0,00049
04/02/2015;0,00090
03/02/2015;0,00514
02/02/2015;0,00166
30/01/2015;-0,00267
29/01/2015;0,00194
28/01/2015;-0,00292
27/01/2015;-0,00025
26/01/2015;-0,00101
23/01/2015;0,00043
22/01/2015;-0,00046
21/01/2015;0,00489
20/01/2015;0,00262
19/01/2015;-0,00403
16/01/2015;0,00495
15/01/2015;0,00212
14/01/2015;-0,00086
13/01/2015;0,00087
12/01/2015;-0,00352
09/01/2015;-0,00154
08/01/2015;0,00222
07/01/2015;0,00461
06/01/2015;0,00359
05/01/2015;-0,00209
02/01/2015;-0,00370
31/12/2014;0,00039
30/12/2014;-0,00019
29/12/2014;0,00133
26/12/2014;-0,00203
24/12/2014;0,00039
23/12/2014;0,00318
22/12/2014;0,00293
19/12/2014;0,00500
18/12/2014;0,00054
17/12/2014;0,00578
16/12/2014;-0,00011
15/12/2014;-0,00457
12/12/2014;-0,00627
11/12/2014;-0,00013
10/12/2014;-0,00342
09/12/2014;-0,00133
08/12/2014;-0,00534
05/12/2014;0,00309
04/12/2014;-0,00127
03/12/2014;0,00315
02/12/2014;-0,00420
01/12/2014;-0,00912
28/11/2014;-0,00064
27/11/2014;-0,00047
26/11/2014;-0,00001
25/11/2014;0,00179
24/11/2014;-0,00099
21/11/2014;0,01259
20/11/2014;0,00031
19/11/2014;0,00714
18/11/2014;0,00375
17/11/2014;-0,00133
14/11/2014;0,00116
13/11/2014;-0,00394
12/11/2014;0,00063
11/11/2014;-0,00128
10/11/2014;-0,00008
07/11/2014;0,00137
06/11/2014;-0,00475
05/11/2014;0,00050
04/11/2014;-0,00006
03/11/2014;-0,00260
31/10/2014;0,00999
30/10/2014;0,00363
29/10/2014;-0,00549
28/10/2014;0,00806
27/10/2014;-0,00590
24/10/2014;0,00680
23/10/2014;-0,00580
22/10/2014;0,00018
21/10/2014;-0,00916
20/10/2014;-0,00636
17/10/2014;0,00536
16/10/2014;-0,00438
15/10/2014;-0,00647
14/10/2014;-0,00069
13/10/2014;0,01075
10/10/2014;-0,00603
09/10/2014;0,00124
08/10/2014;-0,00056
07/10/2014;0,00295
06/10/2014;0,00967
03/10/2014;0,00589
02/10/2014;0,00344
01/10/2014;-0,00458
30/09/2014;0,00076
29/09/2014;-0,01301
26/09/2014;0,00450
25/09/2014;-0,00234
24/09/2014;0,00311
23/09/2014;0,00069
22/09/2014;-0,00534
19/09/2014;-0,00039
18/09/2014;-0,00250
17/09/2014;0,00070
16/09/2014;0,00503
15/09/2014;0,00345
12/09/2014;-0,00888
11/09/2014;0,00136
10/09/2014;-0,00058
09/09/2014;-0,00358
08/09/2014;-0,00603
05/09/2014;-0,00067
04/09/2014;-0,00308
03/09/2014;-0,00059
02/09/2014;0,00483
01/09/2014;0,00112
29/08/2014;0,00407
28/08/2014;-0,00116
27/08/2014;0,00579
26/08/2014;0,00151
25/08/2014;0,00508
22/08/2014;0,00118
21/08/2014;-0,00065
20/08/2014;0,00052
19/08/2014;0,00252
18/08/2014;0,00387
15/08/2014;0,00693
14/08/2014;0,00247
13/08/2014;-0,00392
12/08/2014;-0,00069
11/08/2014;0,00373
08/08/2014;-0,00033
07/08/2014;-0,00172
06/08/2014;0,00422
05/08/2014;-0,00312
04/08/2014;0,00351
01/08/2014;-0,00149
31/07/2014;-0,00349
30/07/2014;-0,00140
29/07/2014;-0,00209
28/07/2014;-0,00077
25/07/2014;0,00090
24/07/2014;0,00032
23/07/2014;-0,00280
22/07/2014;0,00308
21/07/2014;0,00311
18/07/2014;0,00684
17/07/2014;0,00021
16/07/2014;0,00021
15/07/2014;0,00045
14/07/2014;0,00328
11/07/2014;0,00052
10/07/2014;0,00237
09/07/2014;0,00033
08/07/2014;-0,00001
07/07/2014;-0,00003
04/07/2014;0,00097
03/07/2014;0,00355
02/07/2014;-0,00099
01/07/2014;0,00144
30/06/2014;-0,00015
27/06/2014;-0,00261
26/06/2014;0,00133
25/06/2014;-0,00173
24/06/2014;0,00152
23/06/2014;-0,00075
20/06/2014;-0,00168
18/06/2014;0,00359
17/06/2014;-0,00163
16/06/2014;-0,00254
13/06/2014;0,00144
12/06/2014;0,00028
11/06/2014;0,00276
10/06/2014;0,00066
09/06/2014;0,00266
06/06/2014;0,00851
05/06/2014;-0,00061
04/06/2014;-0,00022
03/06/2014;0,00002
02/06/2014;-0,00023
30/05/2014;-0,00151
29/05/2014;0,00090
28/05/2014;0,00323
27/05/2014;-0,00265
26/05/2014;0,00133
23/05/2014;-0,00061
22/05/2014;0,00316
21/05/2014;0,00157
20/05/2014;-0,00204
19/05/2014;-0,00095
16/05/2014;0,00066
15/05/2014;-0,00182
14/05/2014;0,00324
13/05/2014;0,00024
12/05/2014;0,00244
09/05/2014;-0,00117
08/05/2014;-0,00246
07/05/2014;0,00208
06/05/2014;0,00273
05/05/2014;0,00156
02/05/2014;0,00570
30/04/2014;0,00041
29/04/2014;0,00195
28/04/2014;-0,00032
25/04/2014;-0,00040
24/04/2014;0,00126
23/04/2014;-0,00044
22/04/2014;0,00007
17/04/2014;0,00321
16/04/2014;0,00282
15/04/2014;-0,00225
14/04/2014;-0,00048
11/04/2014;0,00276
10/04/2014;-0,00013
09/04/2014;-0,00087
08/04/2014;-0,00109
07/04/2014;0,00319
04/04/2014;-0,00104
03/04/2014;-0,00017
02/04/2014;0,00531
01/04/2014;0,00002
31/03/2014;0,00234
28/03/2014;0,00020
27/03/2014;0,00655
26/03/2014;0,00059
25/03/2014;0,00190
24/03/2014;0,00297
21/03/2014;0,00136
20/03/2014;0,00347
19/03/2014;0,00062
18/03/2014;0,00291
17/03/2014;0,00072
14/03/2014;-0,00207
13/03/2014;-0,00049
12/03/2014;0,00161
11/03/2014;-0,00003
10/03/2014;-0,00363
07/03/2014;-0,00325
06/03/2014;0,00168
05/03/2014;-0,00156
28/02/2014;-0,00275
27/02/2014;0,00508
26/02/2014;0,00093
25/02/2014;-0,00206
24/02/2014;0,00053
21/02/2014;0,00153
20/02/2014;0,00243
19/02/2014;0,00174
18/02/2014;-0,00184
17/02/2014;-0,00070
14/02/2014;0,00204
13/02/2014;-0,00018
12/02/2014;-0,00058
11/02/2014;0,00245
10/02/2014;-0,00085
07/02/2014;0,00257
06/02/2014;0,00453
05/02/2014;0,00056
04/02/2014;0,00383
03/02/2014;-0,00530
31/01/2014;0,00191
30/01/2014;-0,00137
29/01/2014;-0,00079
28/01/2014;-0,00041
27/01/2014;-0,00096
24/01/2014;-0,00091
23/01/2014;-0,00591
22/01/2014;0,00272
21/01/2014;-0,00094
20/01/2014;-0,00250
17/01/2014;-0,00067
16/01/2014;-0,00090
15/01/2014;0,00193
14/01/2014;0,00022
13/01/2014;-0,00134
10/01/2014;0,00198
09/01/2014;-0,00401
08/01/2014;0,00029
07/01/2014;-0,00097
06/01/2014;0,00004
03/01/2014;0,00187
02/01/2014;-0,00367
31/12/2013;0,00042
30/12/2013;0,00162
27/12/2013;0,00157
26/12/2013;-0,00097
24/12/2013;0,00039
23/12/2013;0,00123
20/12/2013;-0,00175
19/12/2013;0,00212
18/12/2013;0,00219
17/12/2013;0,00018
16/12/2013;0,00123
13/12/2013;0,00005
12/12/2013;0,00127
11/12/2013;-0,00208
10/12/2013;0,00124
09/12/2013;0,00201
06/12/2013;0,00097
05/12/2013;0,00325
04/12/2013;-0,00001
03/12/2013;-0,00335
02/12/2013;-0,00532
29/11/2013;0,00019
28/11/2013;0,00076
27/11/2013;0,00170
26/11/2013;-0,00133
25/11/2013;-0,00319
22/11/2013;0,00045
21/11/2013;-0,00261
20/11/2013;0,00029
19/11/2013;-0,00529
18/11/2013;0,00337
14/11/2013;0,00443
13/11/2013;0,00301
12/11/2013;0,00026
11/11/2013;0,00180
08/11/2013;-0,00209
07/11/2013;-0,00467
06/11/2013;-0,00179
05/11/2013;-0,00263
04/11/2013;0,00078
01/11/2013;-0,00200
31/10/2013;-0,00018
30/10/2013;-0,00054
29/10/2013;-0,00074
28/10/2013;0,00269
25/10/2013;-0,00140
24/10/2013;-0,00132
23/10/2013;-0,00180
22/10/2013;0,00209
21/10/2013;0,00154
18/10/2013;-0,00022
17/10/2013;-0,00118
16/10/2013;0,00289
15/10/2013;0,00248
14/10/2013;0,00313
11/10/2013;0,00065
10/10/2013;0,00071
09/10/2013;0,00201
08/10/2013;0,00052
07/10/2013;-0,00067
04/10/2013;0,00119
03/10/2013;-0,00128
02/10/2013;0,00016
01/10/2013;0,00213
30/09/2013;-0,00405
27/09/2013;-0,00055
26/09/2013;-0,00224
25/09/2013;-0,00115
24/09/2013;-0,00022
23/09/2013;0,00084
20/09/2013;-0,00252
19/09/2013;-0,00207
18/09/2013;0,00863
17/09/2013;0,00131
16/09/2013;0,00058
13/09/2013;0,00151
12/09/2013;-0,00141
11/09/2013;-0,00075
10/09/2013;0,00004
09/09/2013;0,00181
06/09/2013;0,00458
05/09/2013;0,00143
04/09/2013;0,00028
03/09/2013;-0,00069
02/09/2013;0,00551
30/08/2013;0,00052
29/08/2013;-0,00215
28/08/2013;-0,00050
27/08/2013;-0,00388
26/08/2013;-0,00347
23/08/2013;0,00584
22/08/2013;0,00400
21/08/2013;-0,00326
20/08/2013;0,00123
19/08/2013;-0,00155
16/08/2013;0,00138
15/08/2013;0,00085
14/08/2013;-0,00122
13/08/2013;0,00102
12/08/2013;-0,00251
09/08/2013;0,00374
08/08/2013;0,00551
07/08/2013;0,00040
06/08/2013;-0,00410
05/08/2013;0,00120
02/08/2013;-0,00034
01/08/2013;0,00078
31/07/2013;0,00129
30/07/2013;-0,00303
29/07/2013;-0,00299
26/07/2013;0,00054
25/07/2013;0,00191
24/07/2013;-0,00261
23/07/2013;0,00198
22/07/2013;0,00520
19/07/2013;0,00113
18/07/2013;0,00337
17/07/2013;0,00402
16/07/2013;0,00096
15/07/2013;0,00610
12/07/2013;-0,00316
11/07/2013;0,00259
10/07/2013;0,00065
09/07/2013;0,00035
08/07/2013;0,00102
05/07/2013;-0,00244
04/07/2013;-0,00042
03/07/2013;-0,00098
02/07/2013;-0,00491
01/07/2013;0,00048
28/06/2013;-0,00337
27/06/2013;0,00384
26/06/2013;0,00140
25/06/2013;0,00503
24/06/2013;-0,00042
21/06/2013;-0,00046
20/06/2013;0,00634
19/06/2013;-0,01060
18/06/2013;-0,00235
17/06/2013;-0,00275
14/06/2013;-0,00476
13/06/2013;0,00983
12/06/2013;-0,00383
11/06/2013;-0,00644
10/06/2013;-0,00845
07/06/2013;-0,00484
06/06/2013;-0,00144
05/06/2013;-0,00273
04/06/2013;0,00275
03/06/2013;0,00091
31/05/2013;-0,00871
29/05/2013;-0,00161
28/05/2013;-0,00281
27/05/2013;-0,00228
24/05/2013;-0,00200
23/05/2013;-0,00111
22/05/2013;-0,00011
21/05/2013;0,00218
20/05/2013;0,00043
17/05/2013;0,00046
16/05/2013;0,00034
15/05/2013;0,00225
14/05/2013;-0,00123
13/05/2013;-0,00126
10/05/2013;-0,00193
09/05/2013;-0,00169
08/05/2013;-0,00082
07/05/2013;0,00299
06/05/2013;0,00070
03/05/2013;-0,00016
02/05/2013;0,00111
30/04/2013;0,00372
29/04/2013;0,00226
26/04/2013;-0,00188
25/04/2013;-0,00103
24/04/2013;-0,00017
23/04/2013;0,00210
22/04/2013;0,00189
19/04/2013;0,00333
18/04/2013;0,00542
17/04/2013;-0,00271
16/04/2013;0,00367
15/04/2013;-0,00651
12/04/2013;-0,00286
11/04/2013;-0,00275
10/04/2013;0,00128
09/04/2013;0,00303
08/04/2013;-0,00030
05/04/2013;0,00521
04/04/2013;-0,00170
03/04/2013;0,00016
02/04/2013;-0,00141
01/04/2013;-0,00363
28/03/2013;-0,00164
27/03/2013;0,00128
26/03/2013;0,00244
25/03/2013;-0,00034
22/03/2013;-0,00089
21/03/2013;-0,00317
20/03/2013;-0,00155
19/03/2013;-0,00094
18/03/2013;0,00066
15/03/2013;-0,00014
14/03/2013;0,00068
13/03/2013;-0,00366
12/03/2013;-0,00197
11/03/2013;0,00005
08/03/2013;-0,00163
07/03/2013;0,00181
06/03/2013;0,00577
05/03/2013;-0,00005
04/03/2013;-0,00055
01/03/2013;-0,00028
28/02/2013;0,00072
27/02/2013;0,00146
26/02/2013;0,00174
25/02/2013;0,00118
22/02/2013;0,00094
21/02/2013;0,00064
20/02/2013;-0,00296
19/02/2013;-0,00028
18/02/2013;-0,00097
15/02/2013;0,00064
14/02/2013;-0,00069
13/02/2013;0,00022
08/02/2013;-0,00004
07/02/2013;-0,00290
06/02/2013;-0,00209
05/02/2013;-0,00168
04/02/2013;-0,00285
01/02/2013;0,00153
31/01/2013;0,00039
30/01/2013;-0,00329
29/01/2013;0,00110
28/01/2013;-0,00340
25/01/2013;0,00028
24/01/2013;-0,00362
23/01/2013;0,00145
22/01/2013;-0,00045
21/01/2013;0,00155
18/01/2013;-0,00107
17/01/2013;0,00058
16/01/2013;0,00060
15/01/2013;-0,00058
14/01/2013;0,00176
11/01/2013;0,00023
10/01/2013;0,00108
09/01/2013;0,00234
08/01/2013;-0,00258
07/01/2013;-0,00121
04/01/2013;-0,00121
03/01/2013;0,00363
02/01/2013;0,00547
31/12/2012;0,00044
28/12/2012;0,00204
27/12/2012;-0,00089
26/12/2012;0,00071
24/12/2012;0,00025
21/12/2012;-0,00064
20/12/2012;-0,00006
19/12/2012;0,00189
18/12/2012;0,00224
17/12/2012;0,00035
14/12/2012;0,00103
13/12/2012;0,00059
12/12/2012;0,00078
11/12/2012;0,00030
10/12/2012;0,00122
07/12/2012;0,00184
06/12/2012;0,00319
05/12/2012;0,00054
04/12/2012;0,00030
03/12/2012;0,00258
30/11/2012;0,00025
29/11/2012;0,00378
28/11/2012;0,00083
27/11/2012;-0,00004
26/11/2012;-0,00152
23/11/2012;0,00407
22/11/2012;0,00076
21/11/2012;-0,00069
20/11/2012;0,00031
19/11/2012;0,00397
16/11/2012;-0,00072
14/11/2012;-0,00478
13/11/2012;0,00024
12/11/2012;-0,00145
09/11/2012;-0,00079
08/11/2012;-0,00268
07/11/2012;-0,00191
06/11/2012;0,00309
05/11/2012;-0,00001
01/11/2012;0,00365
31/10/2012;-0,00101
30/10/2012;0,00175
29/10/2012;-0,00014
26/10/2012;-0,00107
25/10/2012;0,00138
24/10/2012;-0,00143
23/10/2012;-0,00174
22/10/2012;0,00077
19/10/2012;-0,00103
18/10/2012;-0,00022
17/10/2012;-0,00018
16/10/2012;0,00144
15/10/2012;0,00136
11/10/2012;0,00441
10/10/2012;-0,00095
09/10/2012;-0,00047
08/10/2012;0,00076
05/10/2012;0,00475
04/10/2012;0,00032
03/10/2012;-0,00129
02/10/2012;0,00008
01/10/2012;0,00198
28/09/2012;-0,00116
27/09/2012;0,00027
26/09/2012;0,00007
25/09/2012;-0,00253
24/09/2012;0,00207
21/09/2012;-0,00047
20/09/2012;0,00108
19/09/2012;-0,00069
18/09/2012;-0,00007
17/09/2012;-0,00004
14/09/2012;0,00044
13/09/2012;0,00561
12/09/2012;0,00206
11/09/2012;0,00267
10/09/2012;-0,00034
06/09/2012;0,00363
05/09/2012;0,00210
04/09/2012;-0,00261
03/09/2012;0,00120
31/08/2012;0,00038
30/08/2012;0,00064
29/08/2012;-0,00251
28/08/2012;0,00171
27/08/2012;0,00024
24/08/2012;0,00058
23/08/2012;-0,00214
22/08/2012;0,00090
21/08/2012;0,00035
20/08/2012;-0,00064
17/08/2012;-0,00024
16/08/2012;0,00202
15/08/2012;0,00148
14/08/2012;-0,00257
13/08/2012;0,00002
10/08/2012;0,00020
09/08/2012;-0,00061
08/08/2012;0,00419
07/08/2012;-0,00011
06/08/2012;0,00346
03/08/2012;0,00437
02/08/2012;-0,00163
01/08/2012;0,00172
31/07/2012;-0,00229
30/07/2012;0,00232
27/07/2012;0,00535
26/07/2012;0,00373
25/07/2012;0,00056
24/07/2012;-0,00183
23/07/2012;-0,00229
20/07/2012;-0,00071
19/07/2012;0,00350
18/07/2012;0,00286
17/07/2012;0,00167
16/07/2012;-0,00096
13/07/2012;0,00402
12/07/2012;-0,00060
11/07/2012;0,00172
10/07/2012;-0,00350
09/07/2012;0,00021
06/07/2012;-0,00123
05/07/2012;0,00000
04/07/2012;0,00028
03/07/2012;0,00364
02/07/2012;0,00195
29/06/2012;0,00602
28/06/2012;-0,00184
27/06/2012;-0,00214
26/06/2012;0,00038
25/06/2012;-0,00247
22/06/2012;0,00013
21/06/2012;-0,00276
20/06/2012;0,00064
19/06/2012;0,00376
18/06/2012;0,00114
15/06/2012;0,00014
14/06/2012;-0,00029
13/06/2012;0,00259
12/06/2012;0,00382
11/06/2012;-0,00358
08/06/2012;0,00345
06/06/2012;0,00582
05/06/2012;-0,00158
04/06/2012;-0,00558
01/06/2012;-0,00468
31/05/2012;0,00096
30/05/2012;-0,00241
29/05/2012;-0,00025
28/05/2012;0,00308
25/05/2012;0,00292
24/05/2012;-0,00464
23/05/2012;0,00027
22/05/2012;-0,01042
21/05/2012;0,00452
18/05/2012;0,00252
17/05/2012;-0,00355
16/05/2012;0,00004
15/05/2012;-0,00299
14/05/2012;-0,00441
11/05/2012;-0,00072
10/05/2012;0,00495
09/05/2012;-0,00484
08/05/2012;-0,00673
07/05/2012;0,00629
04/05/2012;0,00260
03/05/2012;-0,00022
02/05/2012;0,00490
30/04/2012;0,00040
27/04/2012;-0,00004
26/04/2012;0,00142
25/04/2012;0,00081
24/04/2012;0,00324
23/04/2012;-0,00184
20/04/2012;0,00049
19/04/2012;0,00157
18/04/2012;0,00163
17/04/2012;0,00285
16/04/2012;0,00022
13/04/2012;-0,00148
12/04/2012;0,00562
11/04/2012;-0,00053
10/04/2012;-0,00140
09/04/2012;-0,00087
05/04/2012;0,00083
04/04/2012;-0,00122
03/04/2012;-0,00248
02/04/2012;0,00248
30/03/2012;-0,00057
29/03/2012;-0,00053
28/03/2012;-0,00168
27/03/2012;-0,00080
26/03/2012;0,00230
23/03/2012;0,00042
22/03/2012;-0,00230
21/03/2012;-0,00029
20/03/2012;-0,00068
19/03/2012;-0,00053
16/03/2012;-0,00027
15/03/2012;-0,00021
14/03/2012;-0,00102
13/03/2012;0,00482
12/03/2012;-0,00083
09/03/2012;0,00141
08/03/2012;0,00454
07/03/2012;0,00291
06/03/2012;-0,00380
05/03/2012;-0,00126
02/03/2012;0,00364
01/03/2012;0,00283
29/02/2012;0,00029
28/02/2012;0,00296
27/02/2012;-0,00169
24/02/2012;-0,00055
23/02/2012;-0,00043
22/02/2012;0,00008
17/02/2012;0,00150
16/02/2012;0,00274
15/02/2012;0,00149
14/02/2012;-0,00020
13/02/2012;0,00439
10/02/2012;-0,00212
09/02/2012;0,00079
08/02/2012;0,00099
07/02/2012;0,00275
06/02/2012;-0,00005
03/02/2012;0,00157
02/02/2012;0,00012
01/02/2012;0,00362
31/01/2012;0,00037
30/01/2012;0,00052
27/01/2012;0,00083
26/01/2012;0,00310
25/01/2012;0,00034
24/01/2012;0,00052
23/01/2012;-0,00028
20/01/2012;0,00271
19/01/2012;0,00124
18/01/2012;0,00356
17/01/2012;0,00184
16/01/2012;0,00267
13/01/2012;-0,00119
12/01/2012;-0,00025
11/01/2012;0,00064
10/01/2012;0,00291
09/01/2012;0,00117
06/01/2012;0,00095
05/01/2012;-0,00238
04/01/2012;-0,00050
03/01/2012;0,00432
02/01/2012;0,00384
30/12/2011;0,00034
29/12/2011;0,00183
28/12/2011;-0,00329
27/12/2011;0,00180
26/12/2011;-0,00031
23/12/2011;0,00061
22/12/2011;0,00069
21/12/2011;0,00034
20/12/2011;0,00509
19/12/2011;-0,00213
16/12/2011;-0,00075
15/12/2011;-0,00106
14/12/2011;-0,00207
13/12/2011;0,00057
12/12/2011;-0,00158
09/12/2011;0,00262
08/12/2011;-0,00297
07/12/2011;-0,00091
06/12/2011;0,00234
05/12/2011;0,00240
02/12/2011;-0,00022
01/12/2011;0,00296
30/11/2011;0,00617
29/11/2011;-0,00124
28/11/2011;0,00340
25/11/2011;-0,00037
24/11/2011;0,00155
23/11/2011;-0,00230
22/11/2011;-0,00111
21/11/2011;-0,00147
18/11/2011;-0,00049
17/11/2011;-0,00416
16/11/2011;0,00172
14/11/2011;0,00005
11/11/2011;0,00434
10/11/2011;-0,00052
09/11/2011;-0,00184
08/11/2011;0,00011
07/11/2011;0,00193
04/11/2011;0,00168
03/11/2011;0,00263
01/11/2011;-0,00317
31/10/2011;-0,00185
28/10/2011;0,00178
27/10/2011;0,00641
26/10/2011;0,00348
25/10/2011;-0,00153
24/10/2011;0,00456
21/10/2011;0,00429
20/10/2011;-0,00477
19/10/2011;0,00001
18/10/2011;0,00394
17/10/2011;-0,00315
14/10/2011;0,00064
13/10/2011;0,00214
11/10/2011;0,00269
10/10/2011;0,00654
07/10/2011;-0,00217
06/10/2011;0,00380
05/10/2011;0,00206
04/10/2011;-0,00054
03/10/2011;-0,00169
30/09/2011;-0,00175
29/09/2011;0,00050
28/09/2011;-0,00085
27/09/2011;0,00039
26/09/2011;0,00303
23/09/2011;0,00161
22/09/2011;-0,00856
21/09/2011;-0,00281
20/09/2011;-0,00255
19/09/2011;-0,00052
16/09/2011;0,00278
15/09/2011;0,00049
14/09/2011;0,00190
13/09/2011;-0,00071
12/09/2011;0,00050
09/09/2011;-0,00380
08/09/2011;0,00192
06/09/2011;0,00518
05/09/2011;-0,00372
02/09/2011;-0,00632
01/09/2011;0,01021
31/08/2011;0,00439
30/08/2011;0,00115
29/08/2011;0,00793
26/08/2011;0,00414
25/08/2011;-0,00167
24/08/2011;0,00073
23/08/2011;0,00526
22/08/2011;0,00019
19/08/2011;-0,00062
18/08/2011;-0,00320
17/08/2011;0,00394
16/08/2011;0,00072
15/08/2011;0,00493
12/08/2011;0,00198
11/08/2011;0,00619
10/08/2011;0,00103
09/08/2011;0,00867
08/08/2011;-0,01259
05/08/2011;0,00043
04/08/2011;-0,00899
03/08/2011;-0,00366
02/08/2011;-0,00300
01/08/2011;-0,00037
29/07/2011;0,00092
28/07/2011;0,00138
27/07/2011;-0,00246
26/07/2011;-0,00091
25/07/2011;-0,00065
22/07/2011;0,00049
21/07/2011;0,00349
20/07/2011;0,00034
19/07/2011;0,00111
18/07/2011;-0,00131
15/07/2011;-0,00017
14/07/2011;-0,00218
13/07/2011;0,00293
12/07/2011;-0,00113
11/07/2011;-0,00333
08/07/2011;-0,00150
07/07/2011;-0,00067
06/07/2011;-0,00086
05/07/2011;-0,00204
04/07/2011;0,00157
01/07/2011;0,00292
30/06/2011;0,00013
29/06/2011;0,00036
28/06/2011;0,00246
27/06/2011;0,00000
24/06/2011;-0,00031
22/06/2011;-0,00033
21/06/2011;0,00093
20/06/2011;0,00044
17/06/2011;0,00072
16/06/2011;-0,00163
15/06/2011;-0,00086
14/06/2011;0,00072
13/06/2011;-0,00118
10/06/2011;-0,00133
09/06/2011;0,00148
08/06/2011;0,00044
07/06/2011;0,00092
06/06/2011;-0,00323
03/06/2011;0,00025
02/06/2011;0,00172
01/06/2011;-0,00256
31/05/2011;0,00175
30/05/2011;-0,00047
27/05/2011;0,00095
26/05/2011;0,00224
25/05/2011;0,00045
24/05/2011;0,00256
23/05/2011;-0,00080
20/05/2011;0,00034
19/05/2011;-0,00053
18/05/2011;-0,00129
17/05/2011;0,00283
16/05/2011;-0,00011
13/05/2011;-0,00108
12/05/2011;0,00097
11/05/2011;-0,00215
10/05/2011;0,00087
09/05/2011;0,00105
06/05/2011;0,00251
05/05/2011;0,00003
04/05/2011;-0,00122
03/05/2011;-0,00213
02/05/2011;-0,00064
29/04/2011;0,00182
28/04/2011;-0,00080
27/04/2011;-0,00147
26/04/2011;0,00101
25/04/2011;-0,00094
20/04/2011;0,00234
19/04/2011;0,00215
18/04/2011;-0,00278
15/04/2011;0,00138
14/04/2011;0,00000
13/04/2011;-0,00056
12/04/2011;-0,00241
11/04/2011;-0,00104
08/04/2011;-0,00064
07/04/2011;0,00080
06/04/2011;-0,00140
05/04/2011;0,00015
04/04/2011;0,00136
01/04/2011;0,00257
31/03/2011;0,00238
30/03/2011;0,00264
29/03/2011;0,00057
28/03/2011;-0,00079
25/03/2011;0,00104
24/03/2011;-0,00045
23/03/2011;0,00160
22/03/2011;0,00298
21/03/2011;0,00002
18/03/2011;0,00243
17/03/2011;0,00073
16/03/2011;-0,00204
15/03/2011;-0,00045
14/03/2011;0,00084
11/03/2011;0,00185
10/03/2011;-0,00167
09/03/2011;-0,00122
04/03/2011;0,00012
03/03/2011;0,00217
02/03/2011;0,00272
01/03/2011;-0,00195
28/02/2011;0,00181
25/02/2011;0,00046
24/02/2011;-0,00019
23/02/2011;0,00134
22/02/2011;-0,00154
21/02/2011;-0,00176
18/02/2011;0,00117
17/02/2011;0,00087
16/02/2011;0,00389
15/02/2011;-0,00053
14/02/2011;0,00172
11/02/2011;0,00297
10/02/2011;0,00078
09/02/2011;-0,00341
08/02/2011;0,00293
07/02/2011;0,00039
04/02/2011;-0,00407
03/02/2011;-0,00002
02/02/2011;-0,00181
01/02/2011;0,00377
31/01/2011;-0,00006
28/01/2011;-0,00280
27/01/2011;-0,00119
26/01/2011;-0,00154
25/01/2011;0,00035
24/01/2011;-0,00041
21/01/2011;-0,00088
20/01/2011;-0,00070
19/01/2011;-0,00168
18/01/2011;0,00136
17/01/2011;-0,00037
14/01/2011;0,00083
13/01/2011;-0,00090
12/01/2011;0,00342
11/01/2011;0,00149
10/01/2011;-0,00012
07/01/2011;-0,00195
06/01/2011;-0,00112
05/01/2011;0,00186
04/01/2011;0,00069
03/01/2011;0,00148
31/12/2010;0,00036
30/12/2010;0,00147
29/12/2010;0,00248
28/12/2010;0,00123
27/12/2010;-0,00110
24/12/2010;0,00035
23/12/2010;0,00039
22/12/2010;0,00078
21/12/2010;0,00251
20/12/2010;-0,00143
17/12/2010;0,00246
16/12/2010;-0,00032
15/12/2010;-0,00114
14/12/2010;0,00060
13/12/2010;0,00232
10/12/2010;0,00309
09/12/2010;0,00000
08/12/2010;-0,00260
07/12/2010;0,00003
06/12/2010;-0,00096
03/12/2010;0,00082
02/12/2010;0,00062
01/12/2010;0,00404
30/11/2010;0,00080
29/11/2010;-0,00114
26/11/2010;-0,00230
25/11/2010;0,00051
24/11/2010;0,00487
23/11/2010;-0,00325
22/11/2010;-0,00463
19/11/2010;0,00056
18/11/2010;0,00190
17/11/2010;0,00155
16/11/2010;-0,00354
12/11/2010;-0,00113
11/11/2010;-0,00038
10/11/2010;0,00130
09/11/2010;-0,00089
08/11/2010;0,00006
05/11/2010;-0,00017
04/11/2010;0,00311
03/11/2010;0,00119
01/11/2010;0,00292
29/10/2010;0,00242
28/10/2010;0,00005
27/10/2010;-0,00078
26/10/2010;0,00433
25/10/2010;-0,00042
22/10/2010;-0,00004
21/10/2010;-0,00217
20/10/2010;0,00291
19/10/2010;-0,00571
18/10/2010;-0,00058
15/10/2010;0,00128
14/10/2010;0,00255
13/10/2010;0,00268
11/10/2010;0,00074
08/10/2010;0,00247
07/10/2010;-0,00082
06/10/2010;-0,00046
05/10/2010;0,00233
04/10/2010;0,00094
01/10/2010;0,00240
30/09/2010;0,00079
29/09/2010;0,00110
28/09/2010;0,00096
27/09/2010;0,00175
24/09/2010;-0,00080
23/09/2010;0,00200
22/09/2010;0,00161
21/09/2010;-0,00035
20/09/2010;0,00257
17/09/2010;-0,00159
16/09/2010;-0,00159
15/09/2010;0,00146
14/09/2010;-0,00032
13/09/2010;0,00293
10/09/2010;0,00038
09/09/2010;0,00107
08/09/2010;-0,00053
06/09/2010;0,00081
03/09/2010;-0,00011
02/09/2010;0,00010
01/09/2010;0,00389
31/08/2010;0,00275
30/08/2010;-0,00292
27/08/2010;0,00398
26/08/2010;-0,00220
25/08/2010;-0,00022
24/08/2010;-0,00137
23/08/2010;-0,00118
20/08/2010;0,00018
19/08/2010;-0,00067
18/08/2010;0,00055
17/08/2010;0,00206
16/08/2010;0,00293
13/08/2010;0,00207
12/08/2010;0,00133
11/08/2010;-0,00200
10/08/2010;-0,00115
09/08/2010;-0,00035
06/08/2010;-0,00079
05/08/2010;0,00091
04/08/2010;0,00089
03/08/2010;-0,00125
02/08/2010;0,00226
30/07/2010;0,00235
29/07/2010;0,00059
28/07/2010;0,00056
27/07/2010;0,00133
26/07/2010;0,00034
23/07/2010;0,00105
22/07/2010;0,00415
21/07/2010;0,00100
20/07/2010;0,00282
19/07/2010;0,00240
16/07/2010;-0,00149
15/07/2010;0,00096
14/07/2010;0,00068
13/07/2010;0,00230
12/07/2010;-0,00166
09/07/2010;0,00030
08/07/2010;0,00025
07/07/2010;0,00295
06/07/2010;0,00322
05/07/2010;-0,00111
02/07/2010;0,00083
01/07/2010;0,00146
30/06/2010;-0,00185
29/06/2010;-0,00538
28/06/2010;-0,00096
25/06/2010;0,00249
24/06/2010;-0,00288
23/06/2010;0,00087
22/06/2010;0,00030
21/06/2010;0,00129
18/06/2010;0,00032
17/06/2010;-0,00025
16/06/2010;0,00136
15/06/2010;0,00188
14/06/2010;0,00014
11/06/2010;0,00156
10/06/2010;0,00411
09/06/2010;-0,00062
08/06/2010;0,00168
07/06/2010;-0,00062
04/06/2010;-0,00152
02/06/2010;0,00366
01/06/2010;-0,00200
31/05/2010;0,00334
28/05/2010;0,00005
27/05/2010;0,00535
26/05/2010;0,00316
25/05/2010;-0,00182
24/05/2010;-0,00076
21/05/2010;0,00598
20/05/2010;-0,00400
19/05/2010;-0,00343
18/05/2010;-0,00517
17/05/2010;-0,00095
14/05/2010;-0,00254
13/05/2010;0,00014
12/05/2010;0,00267
11/05/2010;-0,00143
10/05/2010;0,00676
07/05/2010;-0,00346
06/05/2010;-0,00408
05/05/2010;-0,00035
04/05/2010;-0,00504
03/05/2010;-0,00043
30/04/2010;-0,00043
29/04/2010;0,00518
28/04/2010;0,00022
27/04/2010;-0,00559
26/04/2010;-0,00108
23/04/2010;0,00094
22/04/2010;0,00064
20/04/2010;-0,00047
19/04/2010;-0,00128
16/04/2010;-0,00179
15/04/2010;-0,00109
14/04/2010;-0,00052
13/04/2010;-0,00048
12/04/2010;-0,00160
09/04/2010;-0,00064
08/04/2010;0,00365
07/04/2010;0,00065
06/04/2010;-0,00007
05/04/2010;0,00060
01/04/2010;0,00236
31/03/2010;0,00143
30/03/2010;0,00082
29/03/2010;0,00329
26/03/2010;0,00103
25/03/2010;-0,00080
24/03/2010;-0,00071
23/03/2010;0,00116
22/03/2010;0,00074
19/03/2010;-0,00134
18/03/2010;0,00129
17/03/2010;0,00014
16/03/2010;0,00257
15/03/2010;-0,00019
12/03/2010;-0,00076
11/03/2010;0,00019
10/03/2010;0,00127
09/03/2010;0,00272
08/03/2010;-0,00092
05/03/2010;0,00245
04/03/2010;0,00075
03/03/2010;-0,00003
02/03/2010;0,00152
01/03/2010;0,00165
26/02/2010;0,00086
25/02/2010;0,00086
24/02/2010;-0,00043
23/02/2010;-0,00215
22/02/2010;-0,00060
19/02/2010;-0,00025
18/02/2010;0,00165
17/02/2010;0,00374
12/02/2010;0,00008
11/02/2010;0,00296
10/02/2010;0,00137
09/02/2010;0,00414
08/02/2010;0,00145
05/02/2010;-0,00224
04/02/2010;-0,00643
03/02/2010;0,00091
02/02/2010;0,00175
01/02/2010;0,00307
29/01/2010;0,00000
28/01/2010;0,00153
27/01/2010;-0,00044
26/01/2010;-0,00130
25/01/2010;0,00042
22/01/2010;0,00021
21/01/2010;-0,00447
20/01/2010;-0,00324
19/01/2010;0,00125
18/01/2010;0,00133
15/01/2010;-0,00141
14/01/2010;-0,00117
13/01/2010;0,00124
12/01/2010;-0,00060
11/01/2010;0,00069
08/01/2010;0,00017
07/01/2010;-0,00014
06/01/2010;0,00187
05/01/2010;0,00119
04/01/2010;0,00385
31/12/2009;0,00031
30/12/2009;0,00112
29/12/2009;0,00119
28/12/2009;0,00113
24/12/2009;0,00030
23/12/2009;0,00072
22/12/2009;0,00435
21/12/2009;-0,00125
18/12/2009;0,00002
17/12/2009;-0,00286
16/12/2009;-0,00109
15/12/2009;0,00044
14/12/2009;0,00062
11/12/2009;0,00197
10/12/2009;0,00206
09/12/2009;0,00074
08/12/2009;-0,00162
07/12/2009;0,00234
04/12/2009;-0,00126
03/12/2009;-0,00041
02/12/2009;0,00057
01/12/2009;0,00409
30/11/2009;0,00029
27/11/2009;0,00203
26/11/2009;-0,00329
25/11/2009;0,00170
24/11/2009;0,00149
23/11/2009;0,00143
20/11/2009;0,00029
19/11/2009;-0,00003
18/11/2009;-0,00091
17/11/2009;0,00307
16/11/2009;0,00342
13/11/2009;0,00235
12/11/2009;-0,00476
11/11/2009;0,00017
10/11/2009;0,00043
09/11/2009;0,00437
06/11/2009;-0,00058
05/11/2009;0,00258
04/11/2009;0,00340
03/11/2009;0,00334
30/10/2009;-0,00534
29/10/2009;0,00924
28/10/2009;-0,00733
27/10/2009;-0,00412
26/10/2009;0,00057
23/10/2009;-0,00213
22/10/2009;0,00172
21/10/2009;0,00111
20/10/2009;-0,00397
19/10/2009;0,00162
16/10/2009;-0,00170
15/10/2009;0,00119
14/10/2009;0,00394
13/10/2009;0,00167
09/10/2009;0,00093
08/10/2009;0,00188
07/10/2009;-0,00045
06/10/2009;0,00035
05/10/2009;0,00348
02/10/2009;0,00247
01/10/2009;-0,00278
30/09/2009;0,00088
29/09/2009;0,00006
28/09/2009;0,00321
25/09/2009;0,00094
24/09/2009;-0,00123
23/09/2009;-0,00231
22/09/2009;0,00226
21/09/2009;0,00001
18/09/2009;0,00174
17/09/2009;-0,00022
16/09/2009;0,00293
15/09/2009;0,00175
14/09/2009;0,00189
11/09/2009;0,00006
10/09/2009;0,00231
09/09/2009;0,00107
08/09/2009;0,00375
04/09/2009;0,00339
03/09/2009;0,00109
02/09/2009;-0,00097
01/09/2009;-0,00151
31/08/2009;-0,00280
28/08/2009;-0,00005
27/08/2009;0,00026
26/08/2009;0,00166
25/08/2009;-0,00045
24/08/2009;0,00041
21/08/2009;0,00268
20/08/2009;0,00225
19/08/2009;0,00181
18/08/2009;0,00198
17/08/2009;-0,00319
14/08/2009;-0,00064
13/08/2009;0,00195
12/08/2009;0,00262
11/08/2009;-0,00285
10/08/2009;0,00149
07/08/2009;0,00188
06/08/2009;-0,00107
05/08/2009;0,00170
04/08/2009;0,00073
03/08/2009;0,00417
31/07/2009;0,00139
30/07/2009;0,00194
29/07/2009;-0,00195
28/07/2009;-0,00028
27/07/2009;0,00057
24/07/2009;0,00114
23/07/2009;0,00320
22/07/2009;-0,00007
21/07/2009;0,00044
20/07/2009;0,00375
17/07/2009;0,00113
16/07/2009;0,00210
15/07/2009;0,00810
14/07/2009;-0,00018
13/07/2009;-0,00028
10/07/2009;0,00092
09/07/2009;0,00028
08/07/2009;0,00003
07/07/2009;-0,00324
06/07/2009;-0,00015
03/07/2009;0,00031
02/07/2009;-0,00071
01/07/2009;0,00145
30/06/2009;-0,00153
29/06/2009;0,00155
26/06/2009;0,00057
25/06/2009;0,00633
24/06/2009;-0,00006
23/06/2009;0,00206
22/06/2009;-0,00545
19/06/2009;0,00104
18/06/2009;-0,00101
17/06/2009;-0,00025
16/06/2009;-0,00164
15/06/2009;-0,00385
12/06/2009;0,00372
10/06/2009;0,00213
09/06/2009;-0,00464
08/06/2009;0,00007
05/06/2009;-0,00114
04/06/2009;0,00460
03/06/2009;-0,00508
02/06/2009;-0,00009
01/06/2009;0,00500
29/05/2009;0,00138
28/05/2009;0,00414
27/05/2009;0,00013
26/05/2009;0,00374
25/05/2009;0,00149
22/05/2009;0,00252
21/05/2009;-0,00445
20/05/2009;0,00192
19/05/2009;0,00083
18/05/2009;0,01015
15/05/2009;0,00080
14/05/2009;0,00417
13/05/2009;-0,00460
12/05/2009;-0,00148
11/05/2009;-0,00033
08/05/2009;0,00509
07/05/2009;-0,00344
06/05/2009;0,00345
05/05/2009;0,00124
04/05/2009;0,01094
30/04/2009;0,00053
29/04/2009;0,00551
28/04/2009;0,00092
27/04/2009;-0,00307
24/04/2009;0,00387
23/04/2009;0,00386
22/04/2009;0,00272
20/04/2009;-0,00469
17/04/2009;-0,00125
16/04/2009;0,00231
15/04/2009;-0,00055
14/04/2009;-0,00151
13/04/2009;0,00144
09/04/2009;0,00513
08/04/2009;0,00181
07/04/2009;-0,00066
06/04/2009;-0,00013
03/04/2009;0,00240
02/04/2009;0,00664
01/04/2009;0,00485
31/03/2009;0,00105
30/03/2009;-0,00428
27/03/2009;-0,00224
26/03/2009;0,00352
25/03/2009;0,00085
24/03/2009;-0,00384
23/03/2009;0,00931
20/03/2009;-0,00053
19/03/2009;0,00342
18/03/2009;0,00400
17/03/2009;0,00401
16/03/2009;-0,00135
13/03/2009;-0,00081
12/03/2009;0,00176
11/03/2009;0,00090
10/03/2009;0,00928
09/03/2009;-0,00077
06/03/2009;0,00038
05/03/2009;-0,00358
04/03/2009;0,00780
03/03/2009;0,00100
02/03/2009;-0,00736
27/02/2009;0,00154
26/02/2009;0,00124
25/02/2009;-0,00141
20/02/2009;-0,00379
19/02/2009;0,00123
18/02/2009;-0,00028
17/02/2009;-0,00704
16/02/2009;0,00118
13/02/2009;0,00562
12/02/2009;-0,00189
11/02/2009;-0,00123
10/02/2009;-0,00357
09/02/2009;-0,00246
06/02/2009;0,00723
05/02/2009;0,00393
04/02/2009;0,00165
03/02/2009;0,00496
02/02/2009;-0,00136
30/01/2009;-0,00007
29/01/2009;-0,00324
28/01/2009;0,00727
27/01/2009;0,00196
26/01/2009;0,00125
23/01/2009;0,00068
22/01/2009;-0,00114
21/01/2009;0,00638
20/01/2009;-0,00515
19/01/2009;-0,00092
16/01/2009;0,00145
15/01/2009;0,00609
14/01/2009;-0,00641
13/01/2009;0,00241
12/01/2009;-0,00793
09/01/2009;0,00091
08/01/2009;0,00623
07/01/2009;-0,00577
06/01/2009;0,00420
05/01/2009;0,00698
02/01/2009;0,01247
31/12/2008;0,00043
30/12/2008;0,00312
29/12/2008;0,00130
26/12/2008;0,00231
24/12/2008;0,00042
23/12/2008;-0,00397
22/12/2008;-0,00563
19/12/2008;-0,00176
18/12/2008;0,00138
17/12/2008;0,00235
16/12/2008;0,00738
15/12/2008;-0,00377
12/12/2008;0,00434
11/12/2008;-0,00104
10/12/2008;0,00567
09/12/2008;-0,00101
08/12/2008;0,01431
05/12/2008;0,00276
04/12/2008;-0,00021
03/12/2008;0,00195
02/12/2008;0,00434
01/12/2008;-0,00557
28/11/2008;0,00304
27/11/2008;-0,00057
26/11/2008;0,00821
25/11/2008;0,00435
24/11/2008;0,01541
21/11/2008;-0,00974
20/11/2008;0,00048
19/11/2008;-0,00273
18/11/2008;-0,00659
17/11/2008;0,00033
14/11/2008;0,00094
13/11/2008;0,00594
12/11/2008;-0,01161
11/11/2008;0,00286
10/11/2008;0,00103
07/11/2008;0,00427
06/11/2008;-0,00591
05/11/2008;-0,00922
04/11/2008;0,01019
03/11/2008;0,00537
31/10/2008;-0,00043
30/10/2008;0,01286
29/10/2008;0,01026
28/10/2008;0,02443
27/10/2008;-0,00933
24/10/2008;-0,01461
23/10/2008;-0,00641
22/10/2008;-0,02194
21/10/2008;-0,00135
20/10/2008;0,01341
17/10/2008;-0,00057
16/10/2008;-0,00174
15/10/2008;-0,01911
14/10/2008;0,00308
13/10/2008;0,02739
10/10/2008;-0,00932
09/10/2008;-0,00485
08/10/2008;-0,00624
07/10/2008;-0,00921
06/10/2008;-0,01264
03/10/2008;-0,00554
02/10/2008;-0,01404
01/10/2008;0,00252
30/09/2008;0,01417
29/09/2008;-0,01650
26/09/2008;-0,00240
25/09/2008;0,00813
24/09/2008;0,00045
23/09/2008;-0,00794
22/09/2008;-0,00447
19/09/2008;0,02145
18/09/2008;0,00395
17/09/2008;-0,01439
16/09/2008;0,00175
15/09/2008;-0,01282
12/09/2008;0,00390
11/09/2008;0,00532
10/09/2008;0,00509
09/09/2008;-0,00744
08/09/2008;-0,00356
05/09/2008;0,00252
04/09/2008;-0,00732
03/09/2008;-0,00257
02/09/2008;-0,00230
01/09/2008;-0,00102
29/08/2008;-0,00143
28/08/2008;0,00285
27/08/2008;0,00376
26/08/2008;0,00002
25/08/2008;-0,00382
22/08/2008;0,00000
21/08/2008;0,00194
20/08/2008;0,00542
19/08/2008;0,00131
18/08/2008;-0,00239
15/08/2008;-0,00175
14/08/2008;0,00240
13/08/2008;0,00039
12/08/2008;-0,00062
11/08/2008;-0,00553
08/08/2008;-0,00116
07/08/2008;-0,00170
06/08/2008;0,00325
05/08/2008;0,00296
04/08/2008;-0,00554
01/08/2008;-0,00445
31/07/2008;-0,00090
30/07/2008;0,00636
29/07/2008;0,00349
28/07/2008;-0,00021
25/07/2008;0,00029
24/07/2008;-0,00456
23/07/2008;-0,00016
22/07/2008;-0,00215
21/07/2008;0,00183
18/07/2008;0,00028
17/07/2008;-0,00517
16/07/2008;0,00273
15/07/2008;0,00214
14/07/2008;0,00195
11/07/2008;-0,00085
10/07/2008;0,00145
09/07/2008;0,00046
08/07/2008;0,00149
07/07/2008;0,00052
04/07/2008;-0,00015
03/07/2008;-0,00458
02/07/2008;-0,00613
01/07/2008;-0,00384
30/06/2008;0,00196
27/06/2008;0,00127
26/06/2008;-0,00447
25/06/2008;0,00517
24/06/2008;-0,00042
23/06/2008;0,00071
20/06/2008;-0,00492
19/06/2008;-0,00087
18/06/2008;-0,00301
17/06/2008;0,00309
16/06/2008;0,00095
13/06/2008;0,00026
12/06/2008;0,00197
11/06/2008;-0,00086
10/06/2008;-0,00278
09/06/2008;-0,00243
06/06/2008;-0,00395
05/06/2008;0,00606
04/06/2008;-0,00292
03/06/2008;-0,00286
02/06/2008;-0,00177
30/05/2008;0,00285
29/05/2008;-0,00083
28/05/2008;0,00530
27/05/2008;-0,00185
26/05/2008;0,00036
23/05/2008;-0,00150
21/05/2008;-0,00238
20/05/2008;0,00107
19/05/2008;0,00152
16/05/2008;0,00375
15/05/2008;0,00369
14/05/2008;-0,00157
13/05/2008;0,00103
12/05/2008;0,00328
09/05/2008;-0,00021
08/05/2008;0,00246
07/05/2008;-0,00361
06/05/2008;-0,00113
05/05/2008;0,00144
02/05/2008;0,00691
30/04/2008;0,01340
29/04/2008;-0,00385
28/04/2008;0,00063
25/04/2008;0,00203
24/04/2008;-0,00071
23/04/2008;0,00095
22/04/2008;0,00028
18/04/2008;0,00043
17/04/2008;0,00200
16/04/2008;0,00377
15/04/2008;0,00137
14/04/2008;-0,00100
11/04/2008;-0,00190
10/04/2008;0,00030
09/04/2008;-0,00163
08/04/2008;0,00150
07/04/2008;-0,00074
04/04/2008;0,00122
03/04/2008;0,00361
02/04/2008;0,00255
01/04/2008;0,00572
31/03/2008;0,00131
28/03/2008;0,00027
27/03/2008;-0,00101
26/03/2008;0,00057
25/03/2008;0,00347
24/03/2008;0,00212
20/03/2008;-0,00006
19/03/2008;-0,00879
18/03/2008;0,00690
17/03/2008;-0,00583
14/03/2008;-0,00188
13/03/2008;-0,00271
12/03/2008;-0,00053
11/03/2008;0,00750
10/03/2008;-0,00617
07/03/2008;-0,00381
06/03/2008;-0,00523
05/03/2008;0,00328
04/03/2008;-0,00194
03/03/2008;0,00307
29/02/2008;-0,00463
28/02/2008;0,00077
27/02/2008;0,00114
26/02/2008;0,00143
25/02/2008;0,00099
22/02/2008;0,00270
21/02/2008;0,00187
20/02/2008;0,00430
19/02/2008;-0,00083
18/02/2008;0,00547
15/02/2008;-0,00149
14/02/2008;-0,00148
13/02/2008;0,00245
12/02/2008;0,00385
11/02/2008;0,00477
08/02/2008;0,00069
07/02/2008;0,00066
06/02/2008;-0,00497
01/02/2008;0,00461
31/01/2008;-0,00195
30/01/2008;0,00177
29/01/2008;0,00285
28/01/2008;0,00349
25/01/2008;0,00041
24/01/2008;0,01101
23/01/2008;-0,00540
22/01/2008;0,00766
21/01/2008;-0,01167
18/01/2008;0,00161
17/01/2008;-0,00464
16/01/2008;-0,00310
15/01/2008;-0,00524
14/01/2008;0,00089
11/01/2008;-0,00304
10/01/2008;0,00222
09/01/2008;0,00157
08/01/2008;0,00416
07/01/2008;-0,00012
04/01/2008;-0,00470
03/01/2008;0,00182
02/01/2008;-0,00135
31/12/2007;0,00044
28/12/2007;0,00136
27/12/2007;-0,00157
26/12/2007;0,00338
24/12/2007;0,00042
21/12/2007;0,00411
20/12/2007;-0,00026
19/12/2007;0,00254
18/12/2007;0,00402
17/12/2007;-0,00629
14/12/2007;0,00003
13/12/2007;-0,00587
12/12/2007;0,00053
11/12/2007;-0,00097
10/12/2007;-0,00052
07/12/2007;0,00071
06/12/2007;0,00334
05/12/2007;0,00327
04/12/2007;0,00020
03/12/2007;0,00075
30/11/2007;0,00337
29/11/2007;0,00117
28/11/2007;0,00676
27/11/2007;0,00033
26/11/2007;-0,00460
23/11/2007;0,00116
22/11/2007;0,00068
21/11/2007;-0,00475
20/11/2007;0,00032
19/11/2007;-0,00548
16/11/2007;-0,00004
14/11/2007;0,00596
13/11/2007;0,00325
12/11/2007;-0,00769
09/11/2007;0,00285
08/11/2007;-0,00072
07/11/2007;-0,00336
06/11/2007;0,00478
05/11/2007;-0,00326
01/11/2007;-0,00323
31/10/2007;0,00250
30/10/2007;-0,00128
29/10/2007;0,00301
26/10/2007;0,00627
25/10/2007;-0,00060
24/10/2007;-0,00096
23/10/2007;0,00587
22/10/2007;-0,00208
19/10/2007;-0,00620
18/10/2007;-0,00012
17/10/2007;0,00380
16/10/2007;-0,00341
15/10/2007;0,00144
11/10/2007;-0,00138
10/10/2007;-0,00110
09/10/2007;0,00345
08/10/2007;0,00104
05/10/2007;0,00561
04/10/2007;0,00084
03/10/2007;-0,00464
02/10/2007;-0,00045
01/10/2007;0,00568
;
